customerID,Churn_Predicted,Churn_Probability,tenure,Contract,MonthlyCharges,TotalCharges
2320-JRSDE,1,0.79,1,Month-to-month,19.9,19.9
2087-QAREY,0,0.14,22,Month-to-month,54.7,1178.75
0601-WZHJF,0,0.01,14,Month-to-month,46.35,667.7
4423-JWZJN,1,0.71,64,One year,90.25,5629.15
5143-WMWOG,0,0.03,1,Month-to-month,19.95,19.95
6490-FGZAT,0,0.19,6,Month-to-month,20.65,109.3
5393-RXQSZ,0,0.07,1,Month-to-month,79.6,79.6
7452-FOLON,0,0.05,39,One year,25.45,958.45
2320-TZRRH,0,0.17,20,One year,19.5,403.15
0231-LXVAP,0,0.37,1,Month-to-month,75.9,75.9
9444-JTXHZ,0,0.34,1,Month-to-month,76.2,76.2
4942-VZZOM,0,0.45,64,One year,66.15,4392.5
5510-BOIUJ,0,0.19,1,Month-to-month,19.25,19.25
7502-BNYGS,1,0.66,46,Month-to-month,69.1,3168
4291-HYEBC,0,0.18,28,One year,39.1,1096.6
6147-CBCRA,1,0.77,33,Month-to-month,20.05,669.45
6047-SUHPR,1,0.6,39,One year,59.8,2343.85
4471-KXAUH,1,0.88,42,Month-to-month,84.3,3588.4
9752-ZNQUT,0,0.29,1,Month-to-month,48.6,48.6
7638-QVMVY,1,0.55,7,Month-to-month,79.0,522.95
1576-PFZIW,1,1.0,70,Two year,105.35,7511.9
5666-MBJPT,1,0.62,65,Two year,25.1,1725
7312-XSBAT,0,0.36,1,Month-to-month,49.75,49.75
3096-GKWEB,0,0.31,18,Month-to-month,94.75,1691.9
2371-JQHZZ,0,0.33,24,Month-to-month,93.0,2248.05
0674-GCDXG,0,0.41,63,Two year,71.9,4479.2
1121-QSIVB,0,0.4,44,One year,77.55,3471.1
4396-KLSEH,0,0.23,4,Month-to-month,19.85,63
3244-DCJWY,1,0.86,1,Month-to-month,70.25,70.25
2824-MYYBN,0,0.01,37,Month-to-month,95.25,3314.15
0875-CABNR,0,0.17,10,Month-to-month,84.6,865.55
6345-HOVES,0,0.0,34,Month-to-month,25.05,852.7
8318-LCNBW,0,0.0,35,One year,53.15,1930.9
6469-QJKZW,0,0.09,4,Month-to-month,20.15,91.4
0147-ESWWR,0,0.26,39,Month-to-month,101.25,3949.15
1217-VASWC,0,0.03,43,One year,100.55,4304
7812-FZHPE,0,0.0,17,Month-to-month,24.1,409.9
6370-ZVHDV,1,0.67,61,Two year,25.3,1554.9
5915-DGNVC,0,0.36,49,One year,71.8,3472.05
6260-XLACS,1,0.59,4,One year,19.7,117.8
3566-CAAYU,1,0.93,64,Two year,49.85,3210.35
4983-CCWMC,1,0.57,3,Month-to-month,69.6,207.4
9103-CXVOK,1,0.74,1,Month-to-month,19.75,19.75
2896-TBNBE,0,0.14,40,One year,80.8,3132.75
4797-AXPXK,0,0.38,1,Month-to-month,60.0,60
5229-PRWKT,0,0.02,8,Month-to-month,86.55,649.65
6982-UQZLY,0,0.41,1,Month-to-month,20.85,20.85
2522-WLNSF,1,0.51,34,One year,64.2,2106.3
3841-CONLJ,1,0.62,1,Month-to-month,35.0,35
5057-LCOUI,0,0.11,39,Month-to-month,50.75,2011.4
0193-ESZXP,0,0.02,58,One year,105.5,6205.5
4475-NVTLU,0,0.23,45,Two year,19.2,903.7
4369-HTUIF,0,0.0,6,Month-to-month,85.15,503.6
9386-LDCZR,0,0.21,43,One year,90.65,3882.3
9585-KKMFD,0,0.14,41,Two year,20.0,879.8
5399-ZIMKF,0,0.05,5,Month-to-month,74.65,383.65
0336-KXKFK,0,0.05,72,Two year,61.2,4390.25
5619-XZZKR,1,0.54,4,One year,19.95,68.2
3948-FVVRP,0,0.24,9,Month-to-month,54.8,452.8
5327-XOKKY,1,0.8,72,Two year,73.45,5329
0983-TATYJ,0,0.28,33,One year,51.45,1758.9
1813-JYWTO,0,0.48,72,Two year,80.45,5737.6
0156-FVPTA,0,0.12,22,Month-to-month,54.2,1152.7
1984-FCOWB,0,0.04,70,One year,109.5,7674.55
0654-HMSHN,0,0.47,21,Month-to-month,104.4,2157.95
6719-OXYBR,0,0.01,15,Month-to-month,85.3,1219.85
3312-ZWLGF,0,0.0,29,Month-to-month,79.3,2414.55
6476-YHMGA,0,0.06,15,Month-to-month,76.5,1155.6
5287-QWLKY,0,0.0,71,Month-to-month,105.1,7548.1
0795-XCCTE,0,0.02,72,Two year,25.4,1809.35
0168-XZKBB,1,0.99,19,Month-to-month,86.85,1564.4
3785-NRHYR,0,0.11,1,Month-to-month,19.65,19.65
5196-SGOAK,1,0.62,1,Month-to-month,75.7,75.7
4537-DKTAL,1,0.54,2,Month-to-month,45.55,84.4
7072-MBHEV,0,0.46,11,Month-to-month,78.1,864.85
5602-BVFMK,0,0.22,12,One year,19.3,228.75
6297-NOOPG,0,0.24,70,Two year,110.5,7752.05
1891-UAWWU,0,0.32,20,Month-to-month,90.8,1951
8204-TIFGJ,1,0.83,23,Month-to-month,20.3,470.6
8050-DVOJX,0,0.0,49,Two year,81.35,4060.9
6108-OQZDQ,0,0.29,4,Month-to-month,97.95,384.5
0363-QJVFX,0,0.34,32,Month-to-month,108.15,3432.9
8903-XEBGX,0,0.24,2,Month-to-month,55.3,108.65
8169-SAEJD,0,0.45,69,Two year,56.55,3952.65
9840-DVNDC,0,0.01,6,Month-to-month,80.5,463.05
1089-XZWHH,0,0.49,24,Two year,19.7,494.05
2325-WINES,0,0.35,32,One year,104.05,3416.85
6064-ZATLR,0,0.36,27,Two year,52.85,1498.65
3096-JRDSO,0,0.01,27,Month-to-month,104.3,2867.75
7824-PANSQ,0,0.0,58,Month-to-month,80.65,4807.35
8042-JVNFH,0,0.42,1,Month-to-month,71.35,71.35
9648-BCHKM,0,0.17,18,Two year,24.65,471.35
2888-ADFAO,1,0.67,47,Two year,21.3,1041.8
8707-HOEDG,0,0.16,70,Two year,110.2,7689.8
3374-LXDEV,0,0.0,13,Month-to-month,89.4,1132.35
4072-IPYLT,0,0.01,36,Month-to-month,51.05,1815
7167-PCEYD,0,0.3,67,Two year,19.8,1311.3
4936-YPJNK,0,0.47,10,Month-to-month,19.9,199.45
1580-BMCMR,1,0.78,19,Month-to-month,87.3,1637.3
4817-KEQSP,0,0.02,71,Two year,19.85,1326.35
6408-WHTEF,1,0.58,72,Two year,89.4,6376.55
9251-AWQGT,1,0.67,48,Two year,20.0,935.9
8749-CLJXC,0,0.01,1,Month-to-month,20.05,20.05
7989-VCQOH,0,0.02,18,Month-to-month,83.25,1611.15
5049-GLYVG,0,0.49,1,Month-to-month,20.6,20.6
4199-QHJNM,0,0.49,67,Two year,102.9,6989.7
8882-TLVRW,0,0.01,69,Two year,39.1,2779.5
5883-GTGVD,0,0.08,19,Month-to-month,99.95,1931.75
5135-GRQJV,0,0.41,72,Two year,114.5,8331.95
2384-OVPSA,0,0.04,38,Two year,20.2,735.9
1371-WEPDS,0,0.47,40,One year,55.8,2283.3
3580-GICBM,0,0.05,61,Two year,24.2,1445.2
4817-QRJSX,0,0.11,10,Month-to-month,81.0,818.05
9730-DRTMJ,0,0.39,32,One year,72.8,2333.05
4686-UXDML,0,0.08,21,Month-to-month,99.85,1992.55
3349-ANQNH,0,0.17,59,One year,99.5,5890
2398-YPMUR,0,0.01,13,Month-to-month,70.15,916.75
0932-YIXYU,0,0.26,47,Two year,20.25,1029.8
7480-SPLEF,0,0.29,69,Two year,26.0,1796.55
7636-XUHWW,0,0.08,2,Month-to-month,19.9,33.7
1431-CYWMH,0,0.03,22,Month-to-month,19.05,454.05
5937-EORGB,0,0.08,15,Month-to-month,96.5,1392.25
6349-JDHQP,0,0.0,53,Two year,19.85,1049.6
5539-HIVAK,0,0.45799999999999996,28,Month-to-month,25.7,734.6
5847-MXBEO,0,0.16,22,One year,20.3,475.1
9985-MWVIX,0,0.37,1,Month-to-month,70.15,70.15
4583-PARNH,1,0.91,16,Month-to-month,91.55,1540.05
1116-FRYVH,1,0.59,48,Two year,39.4,1978.65
1421-HCERK,0,0.0,30,Month-to-month,105.7,3181.8
9633-XQABV,1,0.78,3,Month-to-month,70.25,229.7
0716-BQNDX,0,0.11,57,Two year,93.75,5625.55
1265-XTECC,1,0.52,68,One year,96.55,6581.9
1183-CANVH,1,0.51,23,One year,60.0,1347.15
1972-XMUWV,1,0.83,65,Two year,59.8,3808.2
8679-LZBMD,0,0.29,44,One year,90.65,3974.15
3407-JMJQQ,0,0.42,71,Two year,109.0,7661.8
6252-DFGTK,0,0.41,37,One year,68.1,2479.25
1539-LNKHM,0,0.0,12,Month-to-month,20.4,266.6
8645-KOMJQ,0,0.05,69,Two year,81.95,5601.4
0289-IVARM,1,0.58,35,Month-to-month,60.55,1982.6
9761-XUJWD,0,0.32,5,Month-to-month,65.6,339.9
4057-FKCZK,0,0.07,58,Two year,82.5,4828.05
4291-TPNFG,1,0.75,72,Two year,82.3,5980.55
6087-YPWHO,1,0.79,72,Two year,68.15,4808.7
3090-QFUVD,0,0.01,1,Month-to-month,20.3,20.3
2237-ZFSMY,0,0.02,39,One year,95.55,3692.85
1722-LDZJS,0,0.17,53,One year,20.2,1068.15
1818-ESQMW,0,0.5,27,Month-to-month,89.2,2383.6
4871-JTKJF,0,0.03,1,Month-to-month,69.65,69.65
1415-YFWLT,0,0.0,1,Month-to-month,89.3,89.3
7401-RUBNK,0,0.06,18,Month-to-month,74.8,1438.05
0506-YLVKJ,0,0.05,46,Two year,20.2,917.45
8661-BOYNW,1,0.78,72,Two year,84.4,6096.45
6711-VTNRE,1,0.57,36,Month-to-month,87.55,3078.1
4815-GBTCD,0,0.32,4,Month-to-month,25.15,99.95
2805-AUFQN,0,0.22,25,Two year,19.8,475.2
0980-PVMRC,0,0.42,40,Month-to-month,50.85,2036.55
7233-DRTRF,1,0.92,63,Month-to-month,102.4,6444.05
3500-RMZLT,0,0.24,15,Month-to-month,96.3,1426.75
3873-NFTGI,0,0.01,14,Month-to-month,55.5,767.55
1162-ECVII,0,0.38,72,Two year,109.75,7932.5
7048-GXDAY,1,0.7,39,Month-to-month,106.4,4040.65
8571-ZCMCX,0,0.31,47,Two year,60.0,2768.65
1169-WCVAK,0,0.02,19,Month-to-month,88.8,1672.35
4548-SDBKE,0,0.01,5,Month-to-month,85.2,474.8
8066-POXGX,1,0.75,13,Month-to-month,35.1,446.1
7129-CAKJW,0,0.27,17,Month-to-month,80.05,1345.65
8695-ARGXZ,0,0.03,34,Month-to-month,75.55,2425.4
3570-YUEKJ,0,0.08,42,Month-to-month,49.55,2077.95
4143-OOBWZ,0,0.05,5,Month-to-month,81.3,416.3
1555-HAPSU,0,0.03,71,Two year,23.9,1663.5
1697-NVVGY,1,0.7283333333333334,19,Month-to-month,66.4,1286.05
7854-EKTJL,0,0.04,2,Month-to-month,19.6,35.85
8464-EETCQ,0,0.07,57,Two year,18.8,1094.35
2419-FSORS,0,0.01,72,Two year,108.4,7719.5
8132-YPVBX,1,0.76,6,Month-to-month,85.95,514.6
9102-IAYHT,0,0.11,17,Month-to-month,85.45,1451.6
6754-LZUKA,0,0.05,61,Two year,80.9,4932.5
3422-LYEPQ,1,0.82,1,Month-to-month,71.0,71
8099-MZPUJ,0,0.1,48,Two year,111.8,5443.65
0787-LHDYT,1,0.9,16,Month-to-month,20.6,330.25
2642-DTVCO,0,0.0,9,Month-to-month,85.05,746.5
0374-IOEGQ,0,0.47,3,Month-to-month,44.6,122.7
4361-JEIVL,0,0.0,1,Month-to-month,44.4,44.4
3197-NNYNB,0,0.0,65,Two year,105.1,6631.85
3396-DKDEL,0,0.0,70,Two year,115.15,8250
1752-OZXFY,1,0.54,60,One year,59.8,3561.15
9066-QRSDU,0,0.3,69,One year,26.3,1763.55
9112-WSNPU,1,0.9,35,Month-to-month,70.55,2419
9867-NNXLC,0,0.05,22,Month-to-month,20.05,470.2
5321-NTRKC,0,0.46,66,Two year,79.85,5234.95
1363-TXLSL,0,0.0,1,Month-to-month,70.3,70.3
9507-EXLTT,0,0.14,1,Month-to-month,79.35,79.35
3161-GETRM,0,0.13,34,Month-to-month,90.05,3097
0402-OAMEN,1,0.7,72,Two year,24.45,1709.1
6933-VLYFX,0,0.33,31,One year,59.95,1848.8
6754-WKSHP,1,0.59,30,One year,25.35,723.3
9846-GKXAS,0,0.01,9,Month-to-month,90.8,809.75
6017-PPLPX,0,0.08,20,Month-to-month,70.45,1470.95
4976-LNFVV,0,0.03,19,Month-to-month,34.3,577.15
5055-MGMGF,1,0.56,65,Month-to-month,105.05,6914.95
4641-FROLU,1,0.62,30,Two year,19.3,602.9
2862-JVEOY,0,0.14,6,One year,19.15,124.4
2969-QWUBZ,0,0.11,2,Month-to-month,51.4,96.8
9822-BIIGN,0,0.29,53,Month-to-month,71.85,3827.9
2077-MPJQO,0,0.04,7,Month-to-month,75.4,533.05
1534-OULXE,1,0.53,61,One year,49.7,2961.4
7136-RVDTZ,0,0.19,70,One year,45.25,3264.45
2971-SGAFL,1,0.77,13,Month-to-month,78.75,995.35
1480-IVEVR,0,0.05,35,One year,81.6,2815.25
2905-KFQUV,0,0.0,2,Month-to-month,70.4,154.8
4581-SSPWD,0,0.23,3,Month-to-month,75.8,246.3
3370-HXOPH,1,0.65,3,Month-to-month,76.1,257.6
9391-YZEJW,0,0.37,62,One year,94.0,5757.2
9958-MEKUC,1,0.95,72,Two year,103.95,7517.7
0281-CNTZX,0,0.02,63,Two year,19.95,1234.8
6927-WTFIV,0,0.13,20,Month-to-month,71.3,1389.2
4118-CEVPF,0,0.36,35,One year,110.8,3836.3
3398-ZOUAA,0,0.12,21,Month-to-month,69.1,1474.75
9114-VEPUF,0,0.07,62,One year,96.1,6001.45
7876-BEUTG,1,0.57,15,Month-to-month,48.8,720.1
2338-BQEZT,1,0.71,55,Month-to-month,50.55,2832.75
9873-MNDKV,0,0.04,11,Month-to-month,44.65,472.25
0378-NHQXU,0,0.13,17,Month-to-month,88.25,1460.65
8241-JUIQO,0,0.07,61,One year,19.45,1336.35
2194-IIQOF,0,0.06,71,Two year,89.3,6388.65
4512-ZUIYL,0,0.01,2,Month-to-month,70.0,153.05
9631-RXVJM,0,0.08,35,Two year,19.25,677.9
9584-EXCDZ,1,0.79,17,Month-to-month,70.5,1165.6
7969-AULMZ,0,0.4,21,Month-to-month,97.35,2119.5
5093-FEGLU,0,0.06,47,Two year,19.65,921.55
2621-UDNLU,0,0.03,3,Month-to-month,20.85,72
7526-IVLYU,0,0.43,3,Month-to-month,19.65,68.35
2428-HYUNX,0,0.14,44,Two year,19.35,847.25
9214-EKVXR,1,1.0,1,Month-to-month,44.0,44
3410-MHHUM,0,0.04,44,One year,94.4,4295.35
0568-ONFPC,1,0.73,5,Month-to-month,25.9,135
0733-VUNUW,0,0.21,24,Month-to-month,55.65,1400.55
4550-EVXNY,0,0.43,1,Month-to-month,69.65,69.65
2122-YWVYA,0,0.05,18,Month-to-month,75.4,1380.4
2968-SSGAA,0,0.01,10,Month-to-month,100.6,1060.2
2296-DKZFP,0,0.0,65,Two year,71.0,4386.2
4844-JJWUY,1,1.0,1,Month-to-month,86.0,86
6777-TGHTM,0,0.01,53,One year,106.95,5785.5
8909-BOLNL,0,0.17,3,One year,21.2,52.05
6603-YRDCJ,0,0.0,33,Two year,61.05,2018.4
3538-WZPHD,0,0.32,3,Month-to-month,29.6,79.45
3229-USWAR,1,0.97,34,One year,79.95,2727.3
2138-VFAPZ,0,0.01,14,Two year,19.7,263.65
6131-JLWZM,0,0.47,13,Month-to-month,20.3,275.4
4785-QRJHC,0,0.3,46,One year,59.9,2816.65
0269-XFESX,0,0.34,23,One year,24.35,538.5
1709-EJDOX,0,0.15,47,Two year,19.75,948.9
4316-XCSLJ,0,0.0,17,Month-to-month,50.3,846.8
8610-WFCJF,0,0.39,49,Month-to-month,95.6,4783.5
9693-XMUOB,0,0.47,59,Month-to-month,50.25,2997.45
0383-CLDDA,0,0.11,69,Two year,85.35,5897.4
4905-JEFDW,0,0.08,11,One year,41.6,470.6
2709-UQGNP,0,0.01,10,Month-to-month,51.65,524.5
3549-ZTMNH,0,0.0,12,Two year,24.0,269.65
7881-INRLC,0,0.21,45,Month-to-month,100.85,4740
8033-ATFAS,1,0.7166666666666667,39,Month-to-month,59.85,2341.5
1635-NZATJ,0,0.28,71,Two year,25.45,1789.65
0562-HKHML,1,0.8,71,Two year,23.9,1626.4
8277-RVRSV,0,0.14,33,One year,24.15,800.3
9943-VSZUV,0,0.05,67,Month-to-month,75.7,5060.85
0117-LFRMW,0,0.23,37,Month-to-month,40.2,1448.8
6172-FECYY,0,0.44,49,Month-to-month,84.5,4254.85
7054-ENNGU,0,0.27,9,Month-to-month,50.85,466.6
1455-HFBXA,0,0.32,52,Two year,91.6,4627.8
9402-CXWPL,0,0.0,70,One year,98.9,6838.6
1628-BIZYP,0,0.39,1,Month-to-month,85.0,85
1965-AKTSX,0,0.34,14,Month-to-month,78.95,1101.85
0082-LDZUE,0,0.02,1,Month-to-month,44.3,44.3
4786-UKSNZ,0,0.0,1,Month-to-month,20.2,20.2
5343-SGUBI,0,0.17,52,One year,80.2,4297.6
0856-NAOES,0,0.44,6,Month-to-month,60.9,414.1
1976-AZZPJ,0,0.22,7,Month-to-month,34.2,256.6
7248-VZQLC,0,0.17,47,Month-to-month,85.2,3969.35
6156-UZDLF,0,0.01,26,One year,87.15,2274.1
3099-OONVS,0,0.14,25,Month-to-month,54.3,1296.8
9500-WBGRP,0,0.0,69,Two year,19.1,1268.85
5183-KLYEM,0,0.09,72,Two year,112.75,8192.6
5144-PQCDZ,0,0.04,4,Month-to-month,19.95,59.25
8514-VZHEB,0,0.18,59,Two year,19.5,1147.85
6625-IUTTT,1,0.64,67,Two year,65.55,4361.55
9355-NPPFS,1,1.0,26,Month-to-month,78.8,2006.1
0068-FIGTF,0,0.21,27,One year,78.2,2078.95
5965-GGPRW,1,0.81,72,Two year,105.25,7609.75
8035-PWSEV,0,0.0,6,Month-to-month,89.25,487.05
2236-HILPA,0,0.38,62,Two year,20.65,1218.45
1840-BIUOG,0,0.0,20,One year,68.7,1416.2
1356-MKYSK,0,0.07,6,Month-to-month,78.65,483.3
6080-LNESI,0,0.15,51,Two year,24.75,1234.6
1830-IPXVJ,0,0.11,61,Two year,19.75,1311.6
5828-DWPIL,1,0.55,62,Month-to-month,89.1,5618.3
8398-TBIYD,0,0.09,72,Two year,84.7,6185.15
0011-IGKFF,0,0.34,13,Month-to-month,98.0,1237.85
4192-GORJT,1,0.64,5,Month-to-month,94.45,498.1
6496-SLWHQ,1,0.54,3,Month-to-month,105.0,294.45
9912-GVSEQ,0,0.38,26,Month-to-month,93.85,2381.55
2931-FSOHN,0,0.37,13,Month-to-month,59.9,788.35
9418-RUKPH,0,0.13,38,Two year,19.95,756.4
5383-MMTWC,1,0.68,8,Month-to-month,84.0,613.4
9971-ZWPBF,0,0.04,34,Month-to-month,108.9,3625.2
4712-AUQZO,0,0.03,18,Month-to-month,33.6,550.35
9711-FJTBX,0,0.0,56,One year,85.85,4793.8
2908-ZTPNF,0,0.19,36,Month-to-month,34.85,1267.2
7240-ETPTR,0,0.1,9,Month-to-month,48.75,442.2
2202-CUYXZ,1,0.84,1,Month-to-month,84.85,84.85
5995-OIGLP,1,0.98,12,Month-to-month,56.65,654.85
8421-WZOOW,0,0.0,57,Month-to-month,95.3,5567.45
6261-RCVNS,0,0.02,42,One year,73.9,3160.55
7951-QKZPL,0,0.12,33,Two year,24.5,740.3
1414-YADCW,0,0.0,70,Two year,84.6,5706.2
8756-RDDLT,1,0.8,68,Month-to-month,44.95,3085.35
2862-PFNIK,0,0.01,1,Month-to-month,24.7,24.7
5816-QVHRX,0,0.0,37,Month-to-month,100.3,3541.4
4430-YHXGG,0,0.37,4,Month-to-month,25.45,84.2
6888-SBYAI,0,0.04,1,Month-to-month,50.7,50.7
7395-XWZOY,1,0.79,20,Month-to-month,55.0,1165.55
7169-YWAMK,0,0.05,72,Two year,68.4,4855.35
3640-PHQXK,0,0.49,31,Month-to-month,89.9,2806.9
6877-LGWXO,0,0.15,18,Month-to-month,78.55,1422.65
6859-RKMZJ,1,0.86,11,Month-to-month,55.05,608.15
2729-VNVAP,0,0.03,33,Two year,19.8,641.35
2957-JIRMN,0,0.47,62,One year,84.45,4959.15
2049-BAFNW,0,0.08,1,Month-to-month,35.9,35.9
3842-QTGDL,0,0.14,16,Month-to-month,80.75,1321.3
7163-OCEQI,0,0.25,22,One year,78.65,1663.75
9782-LGXMC,0,0.4,49,Month-to-month,61.75,3024.15
5975-BAICR,0,0.19,36,One year,63.7,2188.5
8019-ENHXU,0,0.35,42,Month-to-month,99.45,4138.05
5167-GBFRE,1,0.65,4,Month-to-month,25.2,102.5
9033-EOXWV,0,0.08,12,One year,74.05,872.65
4673-KKSLS,0,0.01,31,Month-to-month,87.6,2724.25
4853-OITSN,0,0.34,5,Month-to-month,89.15,413.25
9800-OUIGR,0,0.47,66,Two year,20.0,1374.2
1324-NLTJE,1,0.69,15,Month-to-month,55.0,757.1
2324-EFHVG,0,0.07,64,Two year,104.4,6692.65
7094-MSZAO,0,0.07,10,Month-to-month,20.05,218.5
1522-VVDMG,0,0.39,7,Month-to-month,89.75,608.8
6907-CQGPN,0,0.0,29,Month-to-month,34.3,1004.75
0780-XNZFN,1,0.69,57,Two year,20.65,1125.6
0239-OXEXL,0,0.47,46,Month-to-month,84.25,3847.6
2675-IJRGJ,0,0.33,53,Two year,19.65,978
7049-GKVZY,1,0.82,17,One year,79.85,1387.35
8577-QSOCG,0,0.23,38,Two year,20.2,746.05
3721-CNZHX,0,0.23,15,One year,19.8,304.6
0212-ISBBF,0,0.02,22,Month-to-month,50.35,1098.85
9185-TQCVP,1,0.78,14,Month-to-month,85.15,1139.2
3585-YNADK,0,0.38,57,One year,74.6,4368.95
5271-DBYSJ,0,0.2,11,Month-to-month,79.15,827.7
1099-GODLO,1,0.55,1,Two year,20.35,20.35
6828-HMKWP,0,0.01,12,Two year,21.05,262.05
5567-WSELE,0,0.36,3,Month-to-month,94.6,279.55
1472-TNCWL,0,0.38,36,Month-to-month,94.7,3512.5
8063-RJYNF,0,0.0,16,Month-to-month,94.25,1483.25
0687-ZVTHB,1,0.69,65,One year,72.45,4653.85
2080-GKCWQ,1,0.71,2,Month-to-month,74.95,151.75
9661-ACXBS,0,0.17,42,Month-to-month,105.2,4400.75
2193-SFWQW,1,0.59,72,Two year,111.95,8033.1
5656-JAMLX,0,0.18,62,Two year,19.85,1253.65
3462-BJQQA,0,0.17,6,Month-to-month,89.75,552.65
0442-TDYUO,0,0.05,48,Two year,20.05,1036
6733-LRIZX,1,0.93,35,Two year,108.95,4025.5
9503-XJUME,0,0.1,52,One year,19.65,928.4
4367-NHWMM,1,0.65,1,Month-to-month,24.9,24.9
3727-RJMEO,0,0.21,6,Month-to-month,82.85,460.25
3779-OSWCF,1,0.93,71,Two year,93.2,6506.15
6736-DHUQI,0,0.13,67,One year,84.8,5598.3
3915-ODIYG,0,0.5,60,One year,71.75,4374.55
1360-RCYRT,1,0.95,23,Month-to-month,30.35,678.75
2724-FJDYW,1,0.61,39,One year,54.85,2191.7
4451-RWASJ,1,0.58,15,One year,19.5,239.75
6646-VRFOL,0,0.14,53,Month-to-month,103.85,5485.5
3460-TJBWI,1,0.55,24,Two year,24.2,609.05
5917-HBSDW,0,0.04,37,Month-to-month,19.35,683.75
5685-IIXLY,0,0.35,5,Month-to-month,83.6,404.2
5671-UUNXD,1,0.88,50,One year,100.65,5189.75
0956-ACVZC,1,0.71,54,One year,94.1,5060.9
2325-NBPZG,0,0.09,3,Month-to-month,74.55,233.65
4250-ZBWLV,0,0.0,68,One year,108.45,7176.55
4482-FTFFX,0,0.4,5,Month-to-month,56.15,291.45
8859-DZTGQ,0,0.0,33,Two year,20.35,689.75
0440-MOGPM,1,0.66,41,One year,80.55,3263.9
0020-JDNXP,1,0.98,34,One year,61.25,1993.2
3752-CQSJI,0,0.0,13,Month-to-month,20.45,254.5
5025-GOOKI,1,0.51,20,Month-to-month,18.9,347.65
4698-KVLLG,0,0.11,51,Two year,19.6,967.9
5095-AESKG,0,0.09,3,Month-to-month,91.5,242.95
2887-JPYLU,0,0.14,41,Month-to-month,45.2,1841.9
4770-QAZXN,0,0.15,13,Month-to-month,19.45,232.1
4896-CPRPF,1,0.92,35,Two year,25.45,809.25
1871-MOWRM,0,0.29,12,Month-to-month,80.85,866.45
9714-EDSUC,0,0.5,4,Month-to-month,94.9,360.55
2027-OAQQC,1,0.86,43,Month-to-month,49.05,2076.2
0282-NVSJS,0,0.37,12,Month-to-month,29.3,355.9
9090-SGQXL,1,0.7648333333333333,68,Month-to-month,105.3,7299.65
6595-YGXIT,1,0.53,25,Month-to-month,88.95,2291.2
7353-YOWFP,0,0.46,7,One year,20.25,129.15
9835-ZIITK,1,0.6,66,One year,110.85,7491.75
8008-ESFLK,1,0.95,53,One year,110.5,5835.5
7537-CBQUZ,0,0.04,63,Month-to-month,109.4,7031.45
1555-DJEQW,0,0.05,70,Two year,114.2,7723.9
5649-TJHOV,0,0.29,27,Month-to-month,36.5,1032
0519-XUZJU,0,0.0,1,Month-to-month,70.75,70.75
3363-EWLGO,0,0.32,5,Month-to-month,19.95,109.6
4750-UKWJK,1,0.86,37,One year,19.6,727.8
6338-AVWCY,0,0.43,3,Month-to-month,40.15,130.75
1689-YQBYY,0,0.03,12,Month-to-month,76.6,893
4487-ZYJZK,1,0.61,38,One year,19.6,763.1
2959-FENLU,1,0.56,9,Month-to-month,85.3,781.4
0708-LGSMF,1,0.71,13,Month-to-month,65.85,902.25
9253-QXKBE,0,0.21,29,Month-to-month,94.45,2653.65
7634-HLQJR,0,0.37,47,Two year,20.05,1016.7
0487-RPVUM,0,0.41,61,Month-to-month,99.4,5943.65
4079-ULGFR,1,0.96,16,Month-to-month,20.0,275.7
2516-XSJKX,1,0.95,41,Two year,78.45,3126.45
0057-QBUQH,0,0.47,43,Two year,25.1,1070.15
9445-SZLCH,0,0.36,36,Month-to-month,97.35,3457.9
6599-SFQVE,1,0.62,6,Month-to-month,55.0,340.4
8331-ZXFOE,0,0.0,58,One year,71.1,4299.2
4003-FUSHP,0,0.14,19,Month-to-month,61.55,1093.2
0356-ERHVT,0,0.32,11,Month-to-month,45.9,521.9
7325-ENZFI,1,0.93,39,One year,40.3,1630.4
4884-ZTHVF,0,0.06,8,Month-to-month,87.1,713.6
3920-HIHMQ,0,0.46,26,Month-to-month,49.5,1265.65
3055-OYMSE,1,0.67,53,Month-to-month,73.8,4003.85
0613-WUXUM,1,0.67,70,Two year,19.2,1401.4
7568-PODML,0,0.16,1,Month-to-month,45.3,45.3
4458-KVRBJ,1,0.73,59,Two year,25.0,1510.5
5349-IECLD,0,0.01,2,Month-to-month,94.95,178.1
1397-XKKWR,0,0.09,7,One year,35.3,264.8
3945-GFWQL,0,0.09,12,Month-to-month,44.55,480.6
8097-OMULG,1,0.95,59,One year,76.75,4541.9
6013-BHCAW,0,0.24,61,Two year,81.0,4976.15
0401-WDBXM,0,0.39,72,Two year,105.55,7542.25
3387-PLKUI,0,0.34,13,Month-to-month,18.8,251.25
6096-EGVTU,0,0.15,64,One year,24.9,1595.5
3797-VTIDR,0,0.01,1,Month-to-month,23.45,23.45
5081-NWSUP,0,0.06,10,One year,64.9,685.55
2580-ATZSQ,0,0.48,65,One year,61.35,3874.1
8085-MSNLK,0,0.04,62,Two year,113.95,6891.4
9691-HKOVS,0,0.26,55,One year,90.15,4916.95
9881-VCZEP,0,0.39,25,Month-to-month,54.1,1373
9526-BIHHD,0,0.3,1,Month-to-month,29.7,29.7
8757-TFHHJ,0,0.09,1,Month-to-month,49.8,49.8
4523-WXCEF,0,0.4,59,Month-to-month,101.1,6039.9
1468-DEFNC,0,0.32,64,Two year,24.4,1548.65
5119-KEPFY,0,0.315,36,Month-to-month,95.0,3440.25
8364-TRMMK,0,0.11,3,Month-to-month,50.65,151.3
0916-KNFAJ,0,0.07,61,Two year,69.9,4226.7
8319-QBEHW,1,0.92,26,One year,39.95,1023.75
3063-QFSZL,1,0.68,1,Month-to-month,55.4,55.4
8775-LHDJH,0,0.14,1,Month-to-month,90.6,90.6
9625-QNLUX,1,0.98,68,Two year,103.25,7074.4
3097-NQYSN,0,0.05,2,Month-to-month,86.85,156.35
4024-CSNBY,1,0.66,72,Two year,94.25,6849.75
7110-BDTWG,1,0.54,71,Two year,47.05,3263.6
7493-GVFIO,0,0.2,57,Two year,20.55,1252.85
0690-SRQID,1,0.88,4,Month-to-month,19.65,67.55
9605-WGJVW,0,0.07,1,Month-to-month,70.2,70.2
9114-DPSIA,0,0.44,72,Two year,81.0,5750
4700-UBQMV,0,0.13,21,One year,75.9,1549.75
7711-GQBZC,1,0.85,71,Two year,24.7,1810.55
3565-UNOCC,0,0.19,29,Month-to-month,99.05,2952.85
4627-MIHJH,1,0.91,69,Two year,110.25,7467.55
9795-NREXC,1,0.62,64,Two year,85.0,5484.4
8573-CGOCC,0,0.24,16,Month-to-month,19.75,294.9
7356-AYNJP,1,0.91,4,One year,23.9,97.5
9249-FXSCK,0,0.02,52,One year,111.25,5916.45
5493-SDRDQ,0,0.22,2,Month-to-month,55.1,113.35
6286-SUUWT,0,0.0,1,Month-to-month,19.95,19.95
4819-HJPIW,1,0.59,18,Month-to-month,25.15,476.8
8654-DHAOW,0,0.09,2,Month-to-month,54.15,101.65
5438-QMDDL,0,0.31,19,Month-to-month,59.8,1130.85
9812-GHVRI,1,0.84,40,Month-to-month,83.85,3532.25
5553-AOINX,0,0.0,66,One year,104.9,6891.45
1228-ZLNBX,0,0.45,21,Month-to-month,75.3,1570.7
4226-KKDON,1,0.7,8,Month-to-month,66.65,520.95
3831-YCPUO,0,0.32,72,Two year,109.5,7854.9
7445-WMRBW,0,0.4,48,One year,73.85,3581.4
3308-DGHKL,0,0.22,69,Two year,19.3,1447.9
9924-JPRMC,1,0.61,72,Two year,118.2,8547.15
0080-EMYVY,0,0.07,14,One year,51.45,727.85
6218-KNUBD,0,0.11,6,Month-to-month,59.45,357.6
7337-CINUD,0,0.0,8,Two year,19.5,159.35
7609-NRNCA,0,0.38,17,One year,19.55,280.85
0623-EJQEG,0,0.27,65,One year,93.55,6069.25
7153-CHRBV,1,0.81,57,One year,59.3,3274.35
0871-URUWO,0,0.04,13,Month-to-month,102.25,1359
9190-MFJLN,0,0.28,19,Month-to-month,95.9,1777.9
6198-PNNSZ,0,0.38,56,One year,109.8,6109.65
3317-VLGQT,0,0.44,14,Month-to-month,78.1,1122.4
4132-POCZS,0,0.3,52,Month-to-month,39.9,2020.9
5614-DNZCE,0,0.44,58,Two year,64.9,3795.45
1095-JUDTC,0,0.39,47,Month-to-month,95.05,4504.55
3896-RCYYE,0,0.18,67,Month-to-month,53.4,3579.15
9638-JIQYA,0,0.03,2,Month-to-month,24.9,49.7
3258-SANFR,0,0.11,6,Month-to-month,44.7,276.5
3726-TBHQT,0,0.08,71,Two year,114.0,8175.9
3190-ITQXP,0,0.46,46,Two year,20.25,890.35
0870-VEMYL,0,0.0,5,Month-to-month,53.85,259.8
4833-QTJNO,0,0.27,67,Month-to-month,83.85,5588.8
3039-MJSLN,0,0.15,3,Month-to-month,20.2,50.6
0178-CIIKR,1,0.8,3,Month-to-month,19.95,58
5385-SUIRI,1,0.59,52,Month-to-month,104.2,5568.35
3982-XWFZQ,0,0.39,42,Month-to-month,50.25,2203.65
5774-QPLTF,0,0.26,50,One year,20.35,938.95
2322-VCZHZ,0,0.3,23,Month-to-month,90.0,2024.1
5010-IPEAQ,0,0.02,67,Two year,54.2,3623.95
4009-ALQFH,1,0.76,25,Month-to-month,99.5,2369.05
6383-ZTSIW,1,0.85,39,One year,99.1,3877.95
8990-YOZLV,0,0.01,69,Two year,66.9,4577.9
3069-SSVSN,0,0.0,1,One year,25.85,25.85
5222-IMUKT,0,0.03,32,Month-to-month,91.05,2871.5
3627-FCRDW,0,0.29,9,Month-to-month,71.0,672.55
7562-GSUHK,0,0.26,16,Month-to-month,93.2,1573.7
6685-XSHHU,1,0.71,60,Two year,20.95,1270.55
8901-UPRHR,0,0.44,72,Two year,109.2,7711.45
4903-UYAVB,0,0.06,5,Month-to-month,19.35,126.05
0118-JPNOY,0,0.08,26,Month-to-month,85.8,2193.65
6776-TLWOI,0,0.0,3,Month-to-month,19.85,64.55
3845-FXCYS,0,0.0,2,Month-to-month,19.65,31.2
5857-XRECV,0,0.29,2,One year,20.5,38.25
0725-CXOTM,0,0.47,36,One year,89.65,3348.1
4343-EJVQB,0,0.02,7,Month-to-month,74.35,533.6
9000-PLFUZ,0,0.0,60,Two year,49.45,2907.55
3427-GGZZI,1,0.54,19,Month-to-month,89.1,1620.8
7779-ORAEL,1,0.66,45,Two year,75.15,3480.35
0644-OQMDK,0,0.09,4,Month-to-month,70.65,293.85
4077-CROMM,1,0.63,31,Month-to-month,104.2,3243.45
3154-CFSZG,1,0.68,47,Month-to-month,90.05,4137.2
2868-MZAGQ,0,0.31,1,Month-to-month,79.25,79.25
4847-QNOKA,1,0.75,1,Month-to-month,44.9,44.9
2220-IAHLS,1,0.56,1,Month-to-month,19.4,19.4
1658-XUHBX,0,0.18,59,Month-to-month,88.75,5348.65
6379-RXJRQ,0,0.02,10,Month-to-month,70.1,659.65
2378-HTWFW,1,0.77,35,Month-to-month,91.0,3180.5
8650-RHRKE,0,0.5,4,Month-to-month,29.65,118.5
4377-VDHYI,0,0.0,32,One year,90.8,3023.85
0475-RIJEP,0,0.0,43,Month-to-month,77.85,3365.85
1260-TTRXI,1,0.53,4,Month-to-month,54.3,195.3
3719-TDVQB,0,0.16,54,Two year,18.95,1031.1
6328-ZPBGN,1,0.79,11,Month-to-month,95.15,997.65
0201-MIBOL,0,0.05,66,Two year,102.4,6471.85
4937-QPZPO,0,0.21,61,One year,99.9,6241.35
2925-VDZHY,0,0.0,72,Two year,88.7,6501.35
6981-TDRFT,0,0.31,44,One year,54.3,2317.1
3413-CSSTH,0,0.23,41,Month-to-month,55.7,2237.55
8033-VCZGH,0,0.27,50,One year,103.95,5231.3
4789-KWMXN,0,0.04,47,One year,110.85,5275.8
0224-NIJLP,1,0.54,8,Two year,20.15,165.5
7542-CYDDM,0,0.33,18,Month-to-month,20.05,358.5
4718-WXBGI,1,0.57,72,Two year,91.95,6614.9
2867-UIMSS,0,0.28,1,Month-to-month,80.5,80.5
8495-PRWFH,0,0.01,42,Month-to-month,55.65,2421.75
0439-IFYUN,1,0.73,18,Month-to-month,74.7,1294.6
5716-LIBJC,0,0.13,13,One year,104.15,1299.1
2868-LLSKM,0,0.44,68,One year,83.65,5733.4
8111-RKSPX,0,0.02,4,Month-to-month,72.2,305.55
2988-QRAJY,0,0.04,69,Two year,110.05,7430.75
1585-MQSSU,0,0.0,17,Month-to-month,51.5,900.5
0071-NDAFP,1,0.53,25,Two year,25.5,630.6
2856-NNASM,0,0.3,43,Month-to-month,89.55,3856.75
7328-ZJAJO,0,0.0,59,Two year,19.5,1222.65
6458-CYIDZ,0,0.07,5,Month-to-month,80.7,374.8
8559-CIZFV,0,0.23,21,One year,77.5,1625
1090-PYKCI,0,0.1,69,One year,105.1,7234.8
3058-WQDRE,0,0.06,13,Month-to-month,25.15,331.85
7547-EKNFS,0,0.09,42,Month-to-month,95.25,3959.35
2279-AXJJK,0,0.42,52,Month-to-month,95.65,5088.4
6769-DYBQN,0,0.01,46,Month-to-month,85.0,3969.4
0909-SELIE,0,0.19,61,Two year,80.8,4860.85
3417-TSCIC,1,0.66,29,One year,24.85,788.05
1042-HFUCW,0,0.13,25,One year,54.75,1266.35
4439-JMPMT,0,0.37,5,Month-to-month,85.75,470.95
6537-OTKMY,0,0.33,15,One year,50.75,688.2
8999-EXMNO,0,0.12,19,Two year,20.15,387.7
6725-TPKJO,0,0.07,44,Two year,20.05,845.25
2446-BEGGB,1,0.68,6,Month-to-month,98.25,560.6
7162-WPHPM,0,0.02,58,Two year,71.6,4230.25
1599-MMYRQ,0,0.29,62,One year,81.45,4983.05
8821-KVZKQ,0,0.05,70,One year,58.4,4113.15
1496-GGSUK,0,0.42,1,Month-to-month,25.7,25.7
6434-TTGJP,0,0.03,10,Two year,53.7,521
0042-JVWOJ,0,0.21,26,One year,19.6,471.85
0130-SXOUN,1,0.66,66,Month-to-month,89.4,5976.9
2575-GFSOE,0,0.46,7,Month-to-month,69.0,506.9
2330-PQGDQ,0,0.5,51,One year,84.2,4299.75
1452-UZOSF,0,0.01,72,Two year,106.1,7548.6
2097-YVPKN,1,0.59,65,Two year,25.75,1654.75
2842-JTCCU,0,0.21,2,Month-to-month,46.05,80.35
8597-CTXVJ,1,0.65,70,One year,64.95,4551.5
6631-HMANX,0,0.0,72,Two year,85.45,6227.5
9962-BFPDU,0,0.04,1,Month-to-month,20.05,20.05
3296-SILRA,0,0.29,1,Month-to-month,76.4,76.4
9681-OXGVC,0,0.48,5,Month-to-month,100.5,514
6394-HHHZM,0,0.36,3,Month-to-month,20.7,57.5
5995-LFTLE,1,0.78,58,Two year,25.3,1474.35
5180-UCIIQ,0,0.21,22,Month-to-month,40.05,880.2
1932-UEDCX,0,0.02,33,Month-to-month,100.6,3270.25
7153-OANIO,1,0.8,1,Month-to-month,69.95,69.95
5188-HGMLP,0,0.45,54,Month-to-month,74.0,3919.15
0665-XHDJU,0,0.43,72,Two year,99.4,7285.7
6521-YYTYI,0,0.02,1,Month-to-month,93.3,93.3
8878-HMWBV,0,0.18,3,Month-to-month,49.15,169.05
8265-HKSOW,0,0.32,72,Two year,107.45,7658.3
3544-FBCAS,0,0.15,72,Two year,83.6,5959.3
5331-RGMTT,0,0.36,54,Month-to-month,99.05,5295.7
4759-PXTAN,0,0.18,59,One year,80.1,4693.2
7054-DMVAS,0,0.0,54,Two year,65.3,3512.9
3428-MMGUB,0,0.21,60,Two year,89.55,5231.2
6549-BTYPG,0,0.29,60,Two year,60.8,3603.45
7823-JSOAG,0,0.14,3,Month-to-month,74.5,217.45
3705-RHRFR,0,0.44,69,Two year,99.15,6875.35
9374-YOLBJ,0,0.5,1,Month-to-month,19.25,19.25
9074-KGVOX,0,0.5,50,Month-to-month,39.45,2021.35
6128-DAFVY,0,0.28,56,Month-to-month,44.85,2564.95
9933-QRGTX,1,0.95,60,Two year,97.2,5611.75
4476-OSWTN,0,0.19,69,One year,110.55,7610.1
3751-KTZEL,1,0.57,1,Month-to-month,35.05,35.05
1977-STDKI,0,0.32,1,Month-to-month,73.0,73
5066-GFJMM,0,0.08,3,Month-to-month,19.9,45.75
2661-GKBTK,0,0.15,60,Two year,76.95,4543.95
0458-HEUZG,1,0.72,13,Two year,35.4,450.4
7268-WNTCP,0,0.33,62,Two year,20.45,1297.35
0824-VWDPO,0,0.03,45,One year,96.75,4442.75
8409-WQJUX,0,0.5,25,One year,54.2,1423.15
2578-JQPHZ,0,0.01,44,Two year,100.1,4378.35
3278-FSIXX,0,0.12,2,Month-to-month,45.25,74.2
5813-UECBU,0,0.47,33,Month-to-month,83.85,2716.3
0328-GRPMV,0,0.23,1,Month-to-month,70.1,70.1
9746-UGFAC,0,0.08,22,One year,20.85,450.65
2946-KIQSP,0,0.0,35,Month-to-month,33.45,1175.85
0625-AFOHS,1,0.83,29,Two year,20.2,558.8
6726-WEXXK,1,0.53,27,One year,85.9,2220.1
4636-OLWOE,1,0.57,54,One year,61.0,3283.05
4342-HENTK,1,0.71,2,Month-to-month,70.65,142.35
4685-ERGHK,0,0.06,57,One year,86.9,4939.25
0885-HMGPY,0,0.45,62,Two year,69.4,4237.5
5003-OKNNK,0,0.42,15,One year,20.35,335.95
4195-SMMNX,0,0.01,2,Month-to-month,20.35,33.2
7208-PSIHR,0,0.0,70,Two year,104.3,7188.5
4012-ZTHBR,0,0.32,21,Month-to-month,44.95,926.25
0489-WMEMG,0,0.22,23,One year,49.45,1119.35
7435-ZNUYY,1,0.68,6,One year,20.6,116.6
1354-YZFNB,1,0.85,4,Two year,19.55,68.8
6956-SMUCM,0,0.25,3,Month-to-month,99.0,287.4
2985-FMWYF,0,0.16,23,Month-to-month,93.5,2341.55
2812-ENYMO,1,0.64,26,One year,54.55,1362.85
2717-HVIZY,0,0.0,8,Month-to-month,20.05,163.6
3223-WZWJM,0,0.26,26,Month-to-month,83.95,2254.2
3422-GALYP,1,0.59,2,Month-to-month,79.45,145.15
9053-JZFKV,1,0.81,67,Two year,116.2,7752.3
2530-ENDWQ,0,0.2,71,Two year,93.7,6585.35
2890-WFBHU,0,0.01,59,One year,79.85,4786.1
0327-WFZSY,0,0.3,39,One year,100.0,3835.55
7977-HXJKU,0,0.38,21,Two year,19.6,397
6615-ZGEDR,0,0.01,1,Month-to-month,19.7,19.7
7033-CLAMM,0,0.04,48,Two year,20.2,1027.25
4023-RTIQM,0,0.0,31,One year,50.4,1580.1
0864-FVJNJ,0,0.17,64,One year,113.35,7222.75
7356-IWLFW,1,0.78,46,Month-to-month,80.0,3769.7
9541-PWTWO,1,0.74,52,Two year,80.95,4233.95
3967-VQOGC,0,0.26,67,Two year,24.9,1680.25
7872-RDDLZ,1,0.52,67,Month-to-month,54.9,3725.5
9250-WYPLL,0,0.36,5,Month-to-month,75.55,413.65
6308-CQRBU,1,0.55,71,Two year,109.25,7707.7
2754-XBHTB,0,0.0,9,Month-to-month,77.65,714.15
1597-LHYNC,0,0.11,26,Month-to-month,95.0,2497.2
0186-CAERR,0,0.07,71,One year,116.3,8309.55
3043-SUDUA,0,0.03,32,Month-to-month,19.9,601.55
5442-BHQNG,1,0.94,2,Month-to-month,70.35,139.25
2169-RRLFW,0,0.32,71,Two year,25.6,1888.25
5872-OEQNH,0,0.0,60,One year,44.45,2773.9
3162-KKZXO,0,0.19,55,One year,100.15,5409.75
7055-VKGDA,1,0.72,54,One year,105.4,5643.4
0754-UKWQP,0,0.12,2,Month-to-month,95.85,197.7
8873-GLDMH,1,0.95,6,Month-to-month,73.85,401.3
5696-JVVQY,0,0.28,48,Two year,70.1,3238.4
8946-BFWSG,0,0.31,63,Two year,25.25,1573.05
7493-TPUWZ,1,0.63,1,Month-to-month,79.15,79.15
0547-HURJB,0,0.01,12,Month-to-month,21.05,235.8
8904-OPDCK,0,0.0,54,Month-to-month,24.95,1364.75
8845-LWKGE,0,0.08,30,One year,64.5,1985.15
1577-HKTFG,0,0.45,30,Month-to-month,19.65,655.85
8752-STIVR,0,0.42,4,Month-to-month,79.0,303.15
0691-NIKRI,0,0.02,40,One year,105.95,4335.2
5022-JNQEQ,0,0.06,9,Month-to-month,75.85,647.5
4558-FANTW,0,0.23,17,Month-to-month,91.85,1574.45
3249-VHRIP,0,0.37,62,Two year,43.6,2748.7
3736-BLEPA,0,0.42,28,One year,91.25,2483.65
4701-LKOZD,0,0.19,70,Two year,89.75,6367.2
6603-QWSPR,0,0.41,46,Two year,104.4,4904.2
9921-QFQUL,0,0.23,23,Month-to-month,90.15,2044.95
1929-ZCBHE,0,0.24,47,One year,40.3,1794.8
4378-MYPGO,0,0.02,68,Two year,105.25,7173.15
8651-ENBZX,0,0.22,60,One year,106.0,6441.4
4129-LYCOI,0,0.02,67,Two year,104.0,7039.05
7798-JVXYM,1,0.8,14,Month-to-month,69.65,921.4
8647-SDTWQ,0,0.22,57,Month-to-month,74.3,4018.35
2696-ECXKC,0,0.29,55,One year,100.9,5448.6
2081-KJSQF,0,0.32,1,Month-to-month,20.25,20.25
7623-TRNQN,0,0.03333333333333333,1,Month-to-month,49.9,49.9
3323-CPBWR,0,0.4606666666666667,23,Month-to-month,96.9,2085.45
9330-IJWIO,1,0.63,13,Month-to-month,100.35,1358.85
3384-CTMSF,0,0.5,47,Month-to-month,104.1,5135.15
0902-RFHOF,0,0.13,38,One year,20.1,730.1
9286-DOJGF,1,0.86,38,Month-to-month,74.95,2869.85
6048-QBXKL,0,0.4,2,Month-to-month,56.55,118.25
9661-MHUMO,0,0.18,1,Month-to-month,49.25,49.25
7718-RXDGG,0,0.13,15,Month-to-month,68.6,1108.6
1025-FALIX,0,0.01,26,Month-to-month,69.05,1815.65
3451-VAWLI,0,0.0,35,Two year,19.7,730.4
3407-QGWLG,0,0.0,3,Month-to-month,20.05,75.45
1842-EZJMK,0,0.04,50,Month-to-month,103.7,5071.05
2347-WKKAE,0,0.33,42,Month-to-month,94.4,4014.6
8735-DCXNF,0,0.15,10,Month-to-month,54.95,568.85
3214-IYUUQ,1,0.91,61,One year,93.7,5860.7
1936-UAFEH,1,0.56,68,Two year,110.25,7279.35
3587-PMCOY,1,0.87,10,One year,98.9,1064.95
8079-XRJRS,0,0.02,65,One year,89.75,5769.6
1027-LKKQQ,0,0.09,72,Two year,80.45,5886.85
7148-XZPHA,0,0.07,55,Month-to-month,79.4,4238.45
8073-IJDCM,1,0.84,1,Month-to-month,20.3,20.3
5309-TAIKL,1,0.71,7,Month-to-month,62.8,418.3
6856-RAURS,1,0.77,2,Month-to-month,74.9,136.05
8778-LMWTJ,0,0.0,9,Month-to-month,74.85,708.2
9717-IOAAF,0,0.48,27,Two year,25.85,788.55
8884-ADFVN,0,0.46,7,Month-to-month,101.95,700.85
2845-KDHVX,1,0.8,64,Two year,68.3,4378.8
0848-SOMKO,0,0.01,70,Two year,48.4,3442.8
2720-WGKHP,0,0.2205,2,Month-to-month,94.0,181.7
6734-FQAJX,0,0.29,67,Two year,105.05,7171.7
2869-ADAWR,0,0.08,45,Month-to-month,89.3,4016.85
1535-VTJOQ,0,0.16,24,Two year,25.15,553
6368-TZZDT,0,0.0,4,Two year,19.5,96.85
0943-ZQPXH,0,0.21,44,Month-to-month,92.95,4122.9
1293-BSEUN,0,0.3,72,Two year,20.7,1482.3
9894-EZEWG,0,0.0,1,Month-to-month,74.3,74.3
1302-TPUBN,0,0.24,66,Two year,19.35,1240.8
7851-FLGGQ,1,0.67,1,Month-to-month,44.65,44.65
0637-UBJRP,1,0.85,13,Month-to-month,84.05,1095.3
0940-OUQEC,0,0.18,10,Month-to-month,80.7,788.8
2378-VTKDH,1,0.86,65,Month-to-month,104.35,6578.55
0927-CNGRH,0,0.06,1,Month-to-month,19.55,19.55
8608-OZTLB,0,0.01,38,One year,74.05,2802.3
2335-GSODA,0,0.45,23,Two year,40.1,857.75
1952-DVVSW,0,0.43,10,One year,20.1,184.4
0702-PGIBZ,0,0.48,4,Month-to-month,101.7,364.55
6656-GULJQ,1,0.8725,72,Two year,83.55,6093.3
9853-JFZDU,0,0.15,35,Month-to-month,56.85,1861.1
1963-VAUKV,1,0.86,1,Month-to-month,20.4,20.4
3777-XROBG,1,0.84,58,Two year,19.55,1079.65
6994-FGRHH,1,0.54,70,One year,106.15,7475.1
4000-VGMQP,1,0.84,38,One year,78.95,2862.55
3999-WRNGR,0,0.04,60,Month-to-month,49.75,3069.45
3466-RITXD,0,0.45,26,Month-to-month,92.4,2349.8
2680-XKKNJ,0,0.03,8,One year,58.2,469.25
3058-HJCUY,0,0.07,41,One year,102.6,4213.35
2974-GGUXS,0,0.01,36,Month-to-month,91.95,3301.05
7994-XIRTR,1,0.57,54,One year,65.25,3529.95
3259-FDWOY,0,0.25,71,Two year,106.0,7723.7
2101-RANCD,0,0.14,55,Month-to-month,73.1,4144.9
7921-BEPCI,0,0.05,72,Two year,59.75,4265
0807-ZABDG,0,0.46,3,Month-to-month,55.1,154.65
8510-TMWYB,0,0.04,54,Two year,59.8,3246.45
3258-ZKPAI,0,0.0,72,Two year,116.6,8337.45
1428-IEDPR,0,0.03,52,Two year,109.3,5731.4
5298-GSTLM,0,0.0,60,One year,101.4,6176.6
4450-YOOHP,1,0.51,39,Month-to-month,50.65,1905.4
6728-CZFEI,1,0.7,15,One year,56.15,931.9
5748-RNCJT,0,0.3,69,Two year,106.5,7348.8
3653-NCRDJ,0,0.0,43,One year,19.2,776.25
6121-TNHBO,1,0.72,63,One year,83.0,5243.05
5119-NZPTV,0,0.46,2,Month-to-month,70.1,141.65
6519-ZHPXP,0,0.29,72,Two year,108.3,7679.65
7739-LAXOG,0,0.37,32,Month-to-month,91.05,2954.5
3472-QPRCH,0,0.0,40,Two year,25.25,1006.9
8224-UAXBZ,1,0.82,58,One year,45.35,2540.1
9610-WCESF,0,0.36,67,Two year,43.9,3097.2
9776-CLUJA,0,0.04,51,Month-to-month,77.5,3807.35
2486-WYVVE,0,0.3,31,One year,79.3,2484
3865-ZYKAD,0,0.06,69,Month-to-month,84.9,5785.65
1422-DGUBX,1,0.53,32,One year,79.25,2619.15
2999-AANRQ,0,0.32,21,Two year,71.05,1524.85
8668-KNZTI,1,0.73,52,One year,53.75,2790.65
0480-KYJVA,0,0.33,72,Two year,24.25,1784.5
6034-ZRYCV,1,0.87,72,Two year,54.2,3937.45
9746-YKGXB,1,0.85,52,One year,44.25,2276.1
3926-YZVVX,0,0.47,41,One year,50.05,2029.05
6000-UKLWI,0,0.03,41,Two year,20.15,802.35
2079-FBMZK,0,0.26,6,Month-to-month,69.25,418.4
6332-FBZRI,0,0.42,67,One year,69.35,4653.25
2096-XOTMO,0,0.13,16,Month-to-month,19.35,275.9
3266-FTKHB,0,0.01,17,Two year,19.15,343.45
8221-EQDGL,0,0.36,35,Month-to-month,61.0,2130.45
2346-LOCWC,0,0.01,58,Two year,20.5,1191.4
6608-QQLVK,0,0.2,1,Month-to-month,50.5,50.5
0298-XACET,0,0.03,52,Two year,50.2,2554
7560-QJAVJ,0,0.05,70,Two year,79.6,5589.45
2995-YWTCD,1,0.6,19,Two year,24.9,467.7
3551-HUAZH,0,0.0,1,Month-to-month,74.4,74.4
9137-UIYPG,0,0.07,35,Month-to-month,106.9,3756.45
2809-ZMYOQ,1,0.67,32,Month-to-month,101.35,3334.9
5084-OOVCJ,0,0.01,17,Month-to-month,55.35,920.5
0254-WWRKD,0,0.02,67,One year,50.55,3431.75
7727-SHVZV,1,0.55,9,Month-to-month,19.5,150.35
6302-JGYRJ,0,0.07,31,One year,79.45,2587.7
5339-PXDVH,0,0.12,4,Month-to-month,90.65,367.95
2205-LPVGL,0,0.31,58,One year,89.85,5125.75
8782-NUUOL,0,0.0,60,One year,79.0,4801.1
3685-YLCMQ,0,0.38,58,One year,104.65,6219.6
7601-WFVZV,0,0.05,1,Month-to-month,19.55,19.55
4609-KNNWG,1,0.68,27,Two year,19.9,550.1
4868-AADLV,0,0.11,66,One year,116.25,7862.25
9529-OFXHY,0,0.36,15,Month-to-month,87.75,1242.2
8634-MPHTR,0,0.23,47,Month-to-month,100.05,4871.05
2669-QVCRG,1,0.86,41,Month-to-month,81.3,3190.65
2478-EEWWM,0,0.11,59,Month-to-month,44.3,2666.75
9174-IHETN,1,0.71,50,Two year,70.35,3533.6
2233-TXSIU,1,0.8,17,One year,44.45,792.15
9644-UMGQA,0,0.33,6,Month-to-month,49.15,295.65
3256-EZDBI,1,0.83,51,Month-to-month,29.45,1459.35
8761-NSOBC,0,0.1,44,Month-to-month,100.55,4398.15
0419-YAAPX,0,0.09,49,Month-to-month,85.3,4297.95
8413-VONUO,0,0.12,2,Month-to-month,95.65,167.3
0872-CASZJ,0,0.07,59,One year,69.1,4096.9
4726-DLWQN,0,0.02,50,Month-to-month,70.35,3454.6
8164-OCKUJ,0,0.04,59,Two year,20.6,1286
3094-JOJAI,0,0.29,18,Month-to-month,74.15,1387
9494-MRNYX,0,0.2,10,Month-to-month,75.05,786.3
2599-CZABP,1,0.68,14,One year,44.6,641.25
7945-PRBVF,1,0.76,35,Two year,21.45,705.45
4544-RXFMG,0,0.49,8,One year,43.45,345.5
0859-YGKFW,1,0.63,18,One year,20.05,345.9
1150-FTQGN,0,0.0,60,One year,94.15,5811.8
9223-UCPVT,0,0.29,1,Month-to-month,94.4,94.4
7196-LIWRH,0,0.13,6,Two year,19.55,124.45
5448-VWNAM,0,0.48,19,Month-to-month,75.9,1375.6
1177-XZBJL,0,0.36556349206349203,53,One year,64.15,3491.55
3518-FSTWG,0,0.0,72,Two year,109.55,7920.7
9330-VOFSZ,1,0.94,60,Two year,110.8,6640.7
4351-QLCSU,0,0.18,1,Month-to-month,55.0,55
0939-EREMR,0,0.04,13,Month-to-month,53.45,718.1
9389-ACWBI,0,0.09,5,Month-to-month,69.95,320.4
5419-JPRRN,1,0.72,1,Month-to-month,101.45,101.45
3644-QXEHN,0,0.16,13,Month-to-month,97.0,1334.45
2911-IJORQ,0,0.04,37,One year,90.6,3358.65
5921-NGYRH,0,0.08,64,Month-to-month,73.55,4764
2100-BDNSN,1,0.66,5,Month-to-month,67.95,350.3
5998-DZLYR,1,0.7,61,Two year,94.35,5703
0488-GSLFR,0,0.01,1,Month-to-month,69.5,69.5
9318-NKNFC,0,0.16,1,Month-to-month,18.85,18.85
3985-HOYPM,0,0.36,26,One year,19.4,525.55
9728-FTTVZ,1,0.69,1,Month-to-month,69.2,69.2
9548-LERKT,1,0.66,24,Two year,19.75,483.15
6576-FBXOJ,1,0.93,17,One year,54.6,934.8
4310-KEDTB,0,0.34,26,Month-to-month,29.8,786.5
7254-IQWOZ,0,0.16,1,Month-to-month,69.65,69.65
2474-BRUCM,0,0.14,40,Month-to-month,101.85,4086.3
4062-HBMOS,1,0.85,52,Month-to-month,103.05,5364.8
0742-NXBGR,0,0.03,1,Month-to-month,82.3,82.3
2676-ISHSF,0,0.24,1,Month-to-month,20.3,20.3
9236-NDUCW,1,0.82,21,Two year,35.1,770.4
4753-PADAS,0,0.4,67,One year,105.7,6816.95
6103-QCKFX,0,0.03,44,Month-to-month,56.25,2419.55
7781-EWARA,0,0.2,70,One year,60.35,4138.7
6110-OHIHY,1,0.56,3,Month-to-month,79.25,267.6
7018-FPXHH,0,0.47,56,Two year,59.8,3457.45
5889-LFOLL,0,0.33,13,Month-to-month,84.6,1115.2
5708-EVONK,1,0.58,58,Month-to-month,93.4,5435.6
8708-XPXHZ,0,0.12,42,Month-to-month,94.2,4186.3
0616-ATFGB,1,0.64,1,Month-to-month,25.05,25.05
0572-ZJKLT,1,0.56,46,Two year,99.65,4630.2
5135-RDDQL,0,0.26,63,Two year,50.65,3221.25
1353-LJWEM,1,0.97,11,Month-to-month,60.9,688.5
1794-SWWKL,0,0.15,15,Month-to-month,59.65,867.1
6166-YIPFO,0,0.01,72,Two year,64.7,4746.05
7016-BPGEU,0,0.08,29,Month-to-month,25.1,712.85
6876-ADESB,0,0.03,1,Month-to-month,48.95,48.95
9332-GYWLO,0,0.25,6,Month-to-month,54.85,355.1
1963-SVUCV,0,0.04,1,Month-to-month,45.3,45.3
4184-VODJZ,1,0.65,63,One year,91.35,5764.7
0220-EBGCE,0,0.08,2,Month-to-month,85.85,167.3
1092-WPIVQ,0,0.49,18,Two year,25.1,428.45
7233-IOQNP,1,0.87,43,Month-to-month,34.0,1505.35
2834-JKOOW,0,0.05,15,One year,45.9,693.45
2754-VDLTR,0,0.49,10,Month-to-month,95.2,930.4
2400-FEQME,0,0.0,55,Two year,20.5,1177.95
3190-XFANI,0,0.04,49,One year,100.6,5069.65
7551-DACSP,0,0.0,6,Month-to-month,55.3,324.25
4957-SREEC,0,0.33,70,Two year,20.35,1458.1
7235-NXZCP,0,0.24,2,Month-to-month,74.85,156.4
0230-UBYPQ,0,0.0,63,One year,36.1,2298.9
4923-ADWXJ,0,0.06,25,Month-to-month,65.8,1679.65
1763-KUAAW,0,0.47,18,One year,20.35,369.6
1104-TNLZA,0,0.21,28,Month-to-month,105.8,2998
5195-KPUNQ,1,0.8,53,One year,96.75,5206.55
0520-FDVVT,0,0.03,35,One year,102.35,3626.1
3439-GVUSX,0,0.01,1,Month-to-month,24.4,24.4
1444-VVSGW,1,0.86,70,One year,115.65,7968.85
5712-PTIWW,0,0.13,2,Month-to-month,79.85,152.45
5949-HGVJL,0,0.0,26,Month-to-month,73.05,1959.5
5203-XEHAX,0,0.0,34,One year,64.35,2053.05
1635-HDGFT,0,0.3,19,Two year,20.5,398.55
3315-TOTBP,1,0.865,15,Month-to-month,76.0,1130.85
8050-XGRVL,1,0.99,62,One year,54.75,3425.35
6661-HBGWL,0,0.04,42,Month-to-month,104.75,4323.45
1518-VOWAV,0,0.0,9,Month-to-month,74.65,703.55
9828-QHFBK,0,0.13,24,Month-to-month,51.15,1275.7
3908-MKIMJ,0,0.33,68,Two year,41.95,2965.75
5012-YSPJJ,0,0.21,31,Month-to-month,54.35,1647
5909-ECHUI,1,0.83,1,Month-to-month,56.25,56.25
1309-BXVOQ,0,0.01,21,Month-to-month,106.1,2249.95
6728-VOIFY,1,0.63,63,One year,96.0,6109.75
9317-WZPGV,0,0.39,2,Month-to-month,79.75,159.4
4891-NLUBA,0,0.14,61,Two year,61.45,3751.15
2856-HYAPG,1,0.71,1,Month-to-month,68.65,68.65
8969-PRHFK,0,0.46,18,One year,19.65,411.25
0661-KQHNK,0,0.3300476190476191,6,One year,19.0,105.5
8709-KRDVL,0,0.1,33,Month-to-month,100.0,3320.6
4488-PSYCG,0,0.29,16,Month-to-month,20.25,327.45
1427-VERSM,0,0.01,56,Month-to-month,98.7,5669.5
9801-NOSHQ,1,0.75,23,One year,19.8,465.45
6339-YPSAH,0,0.04,9,Month-to-month,73.8,704.3
3621-CEOVK,0,0.14,14,Month-to-month,100.2,1369.8
6906-ANDWJ,0,0.1,15,Month-to-month,74.9,1107.25
2159-TURXX,1,0.53,5,Month-to-month,20.05,95.55
1548-FEHVL,0,0.26,61,Month-to-month,106.2,6375.2
3795-CAWEX,0,0.25,70,Two year,116.55,8152.3
6215-NQCPY,0,0.1,15,Month-to-month,99.7,1566.75
5647-URDKA,1,0.57,8,Two year,19.7,130.25
2229-DPMBI,0,0.11,8,Two year,19.5,162.15
9626-WEQRM,1,0.83,4,Month-to-month,29.15,110.05
2188-SXWVT,0,0.02,34,One year,55.0,1885.15
6258-PVZWJ,0,0.16,68,Two year,90.8,6302.85
1094-BKOSX,0,0.0,45,One year,51.0,2264.5
6969-MVBAI,0,0.08,9,Month-to-month,90.1,816.8
2978-XXSOG,0,0.3,22,Month-to-month,59.05,1253.5
2342-CKIAO,0,0.03,2,Month-to-month,20.3,41.2
6953-PBDIN,0,0.44,70,Two year,72.95,5265.55
3898-BSJYF,0,0.17,10,One year,73.55,693.3
3938-YFPXD,0,0.18,72,Two year,84.3,5997.1
7696-AMHOD,0,0.34,49,One year,78.0,3824.2
2453-SAFNS,0,0.12,54,One year,72.1,3886.05
9558-IHEZX,1,0.55,71,Two year,106.75,7283.25
9617-UDPEU,0,0.03,22,One year,19.25,412.55
6340-DACFT,0,0.03,50,Two year,20.55,1070.25
4955-VCWBI,0,0.0,43,One year,20.0,817.95
6813-GZQCG,1,0.8,45,Two year,24.65,1171.3
7426-GSWPO,0,0.06,64,Month-to-month,103.5,6548.65
3389-KTRXV,0,0.0,23,Two year,23.85,625.65
3118-UHVVQ,0,0.1,68,Two year,25.8,1911.5
1031-IIDEO,0,0.04,1,Month-to-month,70.85,70.85
5832-XKAES,0,0.26,2,Month-to-month,69.8,134.7
3205-MXZRA,0,0.4,26,One year,59.45,1507
4701-AHWMW,1,0.55,55,Month-to-month,54.55,2978.3
8317-BVKSO,0,0.47,14,Month-to-month,20.05,299.3
5702-KVQRD,0,0.0,71,Two year,82.55,5832.65
0083-PIVIK,1,0.53,64,One year,81.25,5567.55
9210-IAHGH,1,0.51,7,Month-to-month,70.75,450.8
6169-PGNCD,1,0.77,57,Two year,74.3,4166.35
0023-XUOPT,0,0.09,13,Month-to-month,94.1,1215.6
4592-IWTJI,0,0.18,3,Month-to-month,29.7,91.7
4909-JOUPP,0,0.1,72,Two year,109.7,7898.45
4657-FWVFY,0,0.3,40,Month-to-month,96.35,3915.4
2257-BOVXD,0,0.05,14,Month-to-month,66.6,979.5
7729-JTEEC,1,0.63,2,Month-to-month,44.5,90.05
7632-MNYOY,0,0.01,66,One year,110.9,7432.05
6518-LGAOV,0,0.3,38,Month-to-month,105.0,4026.4
7242-QZLXF,1,0.99,1,Month-to-month,25.3,25.3
4576-CSAJH,0,0.13,22,One year,55.15,1193.05
1000-AJSLD,0,0.34,1,Month-to-month,20.1,20.1
9696-RMYBA,0,0.0,5,Month-to-month,80.1,398.55
8690-UPCZI,0,0.09,29,One year,69.05,1958.45
1062-LHZOD,1,0.55,1,Month-to-month,69.9,69.9
9770-LXDBK,0,0.09,3,Month-to-month,20.4,63.15
4086-WITJG,1,0.51,71,Two year,19.7,1301.1
8344-WFMFH,0,0.18,9,Month-to-month,50.1,484.05
9600-NAXZN,0,0.28,43,Month-to-month,101.4,4528
8822-KNBHV,0,0.07,48,One year,83.45,3887.85
8404-FYDIB,0,0.14,26,Month-to-month,86.65,2208.75
2791-SFVEW,0,0.04,9,Month-to-month,20.15,238.15
6457-USBER,1,0.62,1,Month-to-month,80.8,80.8
6762-NSODU,0,0.29,46,Two year,19.4,958.15
4662-EKDPQ,1,0.59,2,Month-to-month,62.05,118.3
9248-OJYKK,0,0.22,1,Month-to-month,76.45,76.45
9888-ZCUMM,1,0.72,64,Two year,60.05,3845.45
3398-FSHON,0,0.43,12,Month-to-month,91.3,1094.5
3319-DWOEP,0,0.2,6,Month-to-month,95.75,573.75
1074-WVEVG,0,0.06,59,One year,20.35,1267
9979-RGMZT,0,0.28,7,One year,94.05,633.45
6437-UDQJM,0,0.02,72,Two year,84.1,6129.65
1226-IENZN,1,0.58,16,Month-to-month,78.75,1218.25
2108-GLPQB,1,0.68,25,Month-to-month,55.55,1405.3
9259-PACGQ,0,0.04,34,Month-to-month,62.65,2274.9
4415-IJZTP,0,0.09,1,Month-to-month,74.5,74.5
1465-VINDH,0,0.39,10,Month-to-month,102.1,1068.85
5474-LAMUQ,0,0.13,24,One year,20.1,533.9
3468-DRVQJ,0,0.15,10,One year,70.3,676.15
1122-YJBCS,0,0.05,69,One year,53.65,3804.4
4990-ALDGW,0,0.07,57,Two year,20.75,1118.8
4816-OKWNX,1,0.82,50,One year,103.4,5236.4
3315-IKYZQ,1,0.85,28,One year,50.8,1386.8
2810-FTLEM,1,0.86,16,Month-to-month,50.15,762.25
4747-LCAQL,1,0.91,25,Month-to-month,79.0,1902
3411-WLRSQ,0,0.09,3,Month-to-month,74.6,239.05
0898-XCGTF,0,0.0,61,One year,96.5,5673.7
8006-PYCSW,1,0.76,2,Month-to-month,20.1,39.8
8249-THVEC,0,0.28,51,One year,19.4,997.75
8722-PRFDV,1,0.63,71,Two year,77.55,5574.35
2164-SOQXL,1,0.96,20,Month-to-month,20.05,406.05
4020-KIUDI,1,0.56,6,Month-to-month,19.85,138.85
5850-BDWCY,0,0.01,6,Month-to-month,20.2,123.65
2038-YSEZE,0,0.04,29,Month-to-month,67.45,1801.1
0827-ITJPH,1,0.74,36,Two year,18.55,689
8799-OXZMD,0,0.05,28,Month-to-month,29.75,790.7
1925-TIBLE,0,0.45,7,Month-to-month,86.5,582.5
1705-GUHPV,1,0.56,63,Two year,24.2,1618.2
4779-ZGICK,0,0.0,48,Two year,23.55,1173.35
0048-PIHNL,1,0.63,49,One year,20.45,900.9
0818-OCPZO,0,0.08,27,Month-to-month,81.45,2122.05
3967-KXAPS,0,0.14,72,Two year,92.3,6719.9
1447-GIQMR,0,0.0,1,Month-to-month,69.15,69.15
3704-IEAXF,0,0.05,72,Two year,53.65,3784
6810-VCAEX,0,0.21,47,One year,39.65,1798.65
0674-EYYZV,0,0.34,1,Month-to-month,54.65,54.65
4480-MBMLB,0,0.15,36,One year,104.8,3886.45
1395-OFUWC,1,0.51,43,Month-to-month,29.3,1224.05
0822-QGCXA,0,0.065,27,Month-to-month,83.85,2310.2
0872-NXJYS,1,0.57,9,Month-to-month,79.55,723.4
2832-KJCRD,1,0.54,38,Month-to-month,103.65,3988.5
3588-WSTTJ,1,0.81,35,Month-to-month,99.05,3554.6
4075-WKNIU,1,0.94,0,Two year,73.35, 
5090-EMGTC,1,0.6,59,Two year,100.05,6034.85
2346-CZYIL,1,0.92,27,Two year,20.35,531.6
3798-EPWRR,0,0.35,2,Month-to-month,43.95,85.1
6258-NGCNG,0,0.32,7,Month-to-month,23.5,173
4186-ZBUEW,1,0.92,36,One year,70.7,2511.95
5274-XHAKY,0,0.3,41,Month-to-month,94.3,3893.6
1442-BQPVU,1,0.85,13,Month-to-month,29.15,357.15
3978-YNKDD,0,0.11,19,Two year,20.85,467.5
4940-KHCWD,0,0.3,60,Two year,37.7,2288.7
9412-ARGBX,1,0.53,48,Two year,95.5,4627.85
1389-CXMLU,1,0.61,3,Month-to-month,91.05,289.1
9589-ABEPT,0,0.46,69,Two year,92.45,6460.55
9388-ZEYVT,0,0.07,43,One year,44.15,1931.3
0305-SQECB,0,0.16,11,One year,36.05,402.6
7605-SNLQG,0,0.27,45,Month-to-month,50.25,2221.55
4670-TABXH,0,0.43,72,Two year,109.75,7758.9
5561-NWEVX,0,0.18,2,Month-to-month,79.2,172.85
0064-SUDOG,1,0.58,12,Two year,20.3,224.5
8561-NMTBD,0,0.03,67,One year,112.35,7388.45
5161-XEUVX,0,0.14,37,Two year,94.3,3460.95
8292-FRFZQ,0,0.0,39,One year,41.15,1700.9
8591-NXRCV,0,0.24,41,Month-to-month,74.65,3090.65
7895-VONWT,0,0.44,25,Month-to-month,48.25,1293.8
4526-RMTLL,0,0.33,8,Two year,76.15,645.8
6253-GNHWH,1,0.53,71,Two year,71.1,5224.95
4566-NECEV,0,0.04,5,Month-to-month,96.55,500.1
8080-POTJR,1,0.6,30,One year,79.3,2427.1
6906-MPARY,1,0.72,40,One year,89.6,3488.15
3662-FXJFO,0,0.1,54,Two year,20.5,1035.7
8107-RZLNV,0,0.39,72,Two year,106.3,7565.35
0516-OOHAR,0,0.05,28,One year,100.35,2799
2027-CWDNU,0,0.21,18,Month-to-month,85.6,1601.5
2737-WFVYW,0,0.43,2,Month-to-month,45.25,85.5
9912-OMZDS,0,0.02,59,One year,106.15,6256.2
3733-ZEECP,0,0.28,22,Month-to-month,51.1,1232.9
7878-RTCZG,0,0.38,1,Month-to-month,19.9,19.9
2452-MRMZF,1,0.56,72,Two year,25.7,1937.4
2272-QAGFO,0,0.0,14,Month-to-month,74.3,1096.25
7103-IPXPJ,1,0.62,50,One year,99.4,5059.75
4342-HFXWS,0,0.45,48,One year,69.7,3023.65
3545-CNWRG,0,0.02,49,Month-to-month,98.35,4889.2
1785-BPHTP,0,0.44,28,Month-to-month,85.45,2289.9
4989-LIXVT,0,0.0,68,Month-to-month,95.9,6503.2
7315-WYOAW,0,0.45,13,Month-to-month,100.75,1313.25
1173-XZPYF,1,1.0,11,Month-to-month,89.2,990.3
9850-OWRHQ,0,0.02,3,Month-to-month,74.1,228
3768-NLUBH,1,0.61,57,Month-to-month,100.6,5746.15
8676-TRMJS,0,0.22,3,Month-to-month,75.0,209.1
2509-TFPJU,0,0.34,72,Two year,25.75,1864.2
9530-GRMJG,0,0.14,70,Two year,84.1,5979.7
6898-RBTLU,0,0.04,49,Two year,79.3,3902.45
5481-NTDOH,1,0.51,67,One year,107.05,7142.5
2068-WWXQZ,0,0.29,46,Two year,20.05,902
7359-SSBJK,0,0.0,64,Two year,70.2,4481
2061-VVFST,0,0.13,37,Month-to-month,19.5,805.2
0685-MLYYM,0,0.31,2,Month-to-month,70.75,154.85
0749-IRGQE,0,0.42,13,Month-to-month,45.3,528.45
2380-DAMQP,0,0.12,72,Two year,115.15,8349.7
2256-YLYLP,0,0.04,68,Two year,72.95,4953.25
1272-ILHFG,1,0.74,15,One year,19.65,332.65
0164-XAIRP,1,0.64,24,Two year,19.55,470.2
5666-CYCYZ,0,0.04,24,Month-to-month,89.55,2259.35
4011-ARPHK,0,0.12,27,Month-to-month,50.35,1411.35
8182-PNAGI,1,0.72,12,Month-to-month,50.25,593.75
6365-HITVU,0,0.5,71,Two year,87.25,6328.7
7558-IMLMT,0,0.44,67,Two year,20.8,1411.9
9488-FYQAU,0,0.31,63,Two year,109.25,6841.4
3590-TCXTB,0,0.01,1,Month-to-month,20.35,20.35
6994-KERXL,0,0.28,4,Month-to-month,55.9,238.5
7957-RYHQD,1,0.98,40,Month-to-month,79.2,3233.85
2180-DXNEG,0,0.07,12,Month-to-month,96.0,1062.1
1960-UOTYM,0,0.12,52,Two year,79.2,4016.3
2740-JFBOK,1,0.81,10,Month-to-month,24.0,226.55
6500-JVEGC,0,0.25,68,One year,101.35,7110.75
5515-AKOAJ,0,0.34,54,Month-to-month,100.1,5440.9
8976-OQHGT,1,0.83,4,Month-to-month,56.5,235.1
5245-VDBUR,0,0.25,52,One year,35.45,1958.95
6230-BSUXY,0,0.21,1,Month-to-month,85.0,85
8469-SNFFH,0,0.09,70,One year,79.4,5528.9
2144-ESWKO,0,0.15,43,One year,35.2,1463.7
1241-FPMOF,0,0.35,52,Two year,19.65,1025.05
9928-BZVLZ,0,0.44,12,Two year,49.85,552.1
4114-QMKVN,1,0.96,56,One year,68.75,3815.4
2775-SEFEE,0,0.03,0,Two year,61.9, 
9003-CPATH,1,0.53,42,Month-to-month,79.9,3313.4
1754-GKYPY,0,0.03,22,Month-to-month,89.75,1938.9
5294-CDGWY,0,0.05,51,One year,59.3,3014.65
7956-XQWGU,1,0.68,27,Month-to-month,19.4,460.25
1591-MQJTP,0,0.03,51,One year,93.65,4839.15
5295-PCJOO,0,0.0,4,Month-to-month,49.4,184.4
2369-FEVNO,0,0.21,1,Month-to-month,19.9,19.9
9863-JZAIC,0,0.03,35,Month-to-month,55.0,2010.55
7471-MQPOS,0,0.3,71,One year,72.9,5139.65
7660-HDPJV,0,0.0,1,Month-to-month,69.2,69.2
5115-SQAAU,0,0.32,69,Two year,25.6,1673.4
9845-QOMAD,0,0.06,14,One year,19.75,309.35
7672-VFMXZ,0,0.03,57,Month-to-month,55.7,3171.6
9739-JLPQJ,1,0.54,72,Two year,117.5,8670.1
9916-AYHTC,1,0.81,48,Two year,19.85,916
3855-ONCAR,0,0.0,4,Month-to-month,78.9,299.75
1488-SYSFC,0,0.03,31,Month-to-month,20.65,702.05
7931-PXHFC,1,0.57,38,One year,62.3,2354.8
3990-QYKBE,0,0.01,37,Month-to-month,92.5,3473.4
0970-QXPXW,0,0.01,1,Month-to-month,19.65,19.65
3259-KNMRR,0,0.5,57,Two year,79.75,4438.2
6120-RJKLU,0,0.01,62,Two year,79.95,4819.75
9572-WUKSB,0,0.01,3,Month-to-month,29.9,92.25
5893-KCLGT,1,0.69,72,Two year,19.75,1567
0076-LVEPS,1,0.59,29,Month-to-month,45.0,1242.45
3640-JQGJG,0,0.02,13,Month-to-month,44.8,559.2
4919-MOAVT,1,0.89,3,Month-to-month,69.65,220.1
1596-OQSPS,0,0.13,11,Month-to-month,51.1,531.15
9867-XOBQA,0,0.46,21,Two year,53.15,1183.2
9546-KDTRB,1,0.64,19,Month-to-month,24.7,465.85
3090-HAWSU,1,0.6,61,Two year,111.6,6876.05
9820-RMCQV,0,0.16,11,Month-to-month,48.55,501
3174-RKMOW,0,0.01,35,Month-to-month,109.95,3782.4
1760-CAZHT,0,0.5,25,Month-to-month,20.8,460.2
7839-QRKXN,1,0.57,1,Month-to-month,20.2,20.2
8441-SHIPE,1,0.86,67,Two year,25.6,1790.35
5204-QZXPU,0,0.21,19,Month-to-month,39.65,733.35
4597-ELFTS,0,0.37,56,One year,24.9,1334
1320-GVNHT,0,0.12,72,Two year,108.4,7767.25
1047-RNXZV,1,0.87,43,Two year,19.55,876.15
3541-ZNUHK,0,0.0,55,Month-to-month,85.1,4600.95
8450-JOVAH,0,0.5,2,Month-to-month,56.7,113.55
8725-JEDFD,1,0.53,27,Month-to-month,69.05,1793.25
7562-UXTPG,0,0.02,13,Month-to-month,70.15,886.7
8071-SBTRN,0,0.06,70,Two year,111.15,7737.55
1113-IUJYX,0,0.09,14,One year,105.95,1348.9
6668-CNMFP,0,0.0,19,One year,89.35,1686.85
5626-MGTUK,0,0.02,20,Month-to-month,89.1,1879.25
5681-LLOEI,1,0.69,43,One year,91.25,4013.8
8212-DJRCH,0,0.37,5,Month-to-month,90.35,434.5
4323-OHFOW,0,0.0,70,One year,105.55,7195.35
4933-BSAIP,0,0.26,40,Two year,19.1,780.1
2030-BTZRO,1,0.72,6,Two year,20.4,107.6
1116-DXXDF,1,0.51,39,Two year,100.45,3801.7
9274-CNFMO,1,0.53,4,Month-to-month,74.95,308.7
7758-XKCBS,0,0.0,15,Month-to-month,29.7,438.25
8992-JQYUN,0,0.15,1,Month-to-month,50.35,50.35
6563-VNPMN,0,0.02,45,Month-to-month,85.7,3778.1
0617-AQNWT,1,0.54,64,Two year,47.85,3147.5
2267-WTPYD,0,0.3,57,Month-to-month,94.0,5438.95
0270-THENM,1,0.9,72,Two year,69.85,5102.35
2446-PLQVO,0,0.07,1,Month-to-month,70.3,70.3
4707-MAXGU,0,0.15,72,Two year,25.85,1872.2
2710-WYVXG,0,0.0,3,Two year,71.1,213.35
3005-NFMTA,0,0.02,55,Month-to-month,98.8,5617.75
6300-BWMJX,1,0.52,59,Month-to-month,93.35,5386.5
8784-CGILN,0,0.24,18,Month-to-month,99.85,1776.95
5389-FFVKB,0,0.03,32,Month-to-month,80.3,2483.05
7009-LGECI,0,0.08,4,Month-to-month,50.55,235.65
8444-WRIDW,0,0.47,66,Month-to-month,80.45,5224.35
5022-KVDQT,0,0.18,27,Month-to-month,81.3,2272.8
7976-CICYS,1,0.54,4,Month-to-month,20.7,83.75
1036-GUDCL,0,0.25,60,Month-to-month,79.05,4663.4
2005-DWQZJ,1,0.62,8,Two year,19.05,201.7
8148-WOCMK,0,0.08,8,Two year,19.6,125
7815-PDTHL,0,0.16,35,Two year,20.2,684.4
9451-LPGOO,0,0.4,7,Month-to-month,86.8,620.35
9173-IVZVP,0,0.41,53,Two year,20.9,1146.05
9129-UXERG,0,0.04,18,Month-to-month,103.6,1806.35
3635-JBPSG,1,0.88,15,Two year,38.8,603
7964-ZRKKG,0,0.2,67,One year,88.4,5798.3
5868-YWPDW,1,0.7975,6,Month-to-month,84.2,519.15
6229-LSCKB,0,0.28,6,Month-to-month,79.7,497.6
2025-JKFWI,0,0.28,13,Month-to-month,99.0,1301.7
4078-SAYYN,0,0.03,11,Month-to-month,100.75,1129.75
1724-IQWNM,0,0.04,1,Month-to-month,19.3,19.3
8217-QYOHV,0,0.03,5,Month-to-month,55.75,266.95
5546-QUERU,0,0.49,13,One year,19.95,257
9940-HPQPG,0,0.45,9,Month-to-month,91.75,865.8
6897-UUBNU,0,0.08,29,Month-to-month,89.65,2623.65
6127-IYJOZ,0,0.05,1,Month-to-month,45.85,45.85
6618-RYATB,0,0.0,1,Month-to-month,79.55,79.55
8930-XOTDP,0,0.1,18,Month-to-month,55.95,1082.8
5916-QEWPT,0,0.04,2,Month-to-month,69.0,147.8
5060-TQUQN,1,0.53,30,Month-to-month,83.55,2570.2
0531-XBKMM,1,0.64,66,Two year,65.7,4378.9
8465-SBRXP,1,0.52,38,Two year,94.9,3616.25
2408-PSJVE,0,0.33,44,Month-to-month,61.9,2924.05
9079-YEXQJ,0,0.06,54,Month-to-month,111.1,6014.85
9700-ZCLOT,0,0.01,2,Month-to-month,20.0,32.7
8738-JOKAR,1,0.74,42,One year,67.7,2882.25
4534-WGCIR,0,0.18,58,Two year,25.15,1509.9
1930-WNXSB,0,0.1,58,Month-to-month,92.85,5305.05
2685-SREOM,0,0.27,25,Month-to-month,89.1,2368.4
3508-CFVZL,0,0.34,71,Two year,111.3,7985.9
0402-CQAJN,1,0.58,37,Month-to-month,101.9,3545.35
6692-UDPJC,0,0.0,14,Month-to-month,91.65,1301
1273-MTETI,0,0.5,4,Month-to-month,88.85,372.45
0657-DOGUM,0,0.09,48,One year,60.6,2985.25
5480-HPRRX,1,0.6,3,Month-to-month,25.3,77.75
8792-AOROI,0,0.03,8,Two year,65.5,564.35
0295-PPHDO,0,0.0,1,Month-to-month,95.45,95.45
5146-YYFRZ,0,0.42,67,Two year,19.95,1311.75
1195-OIYEJ,0,0.03,13,Month-to-month,91.1,1135.7
5906-CVLHP,1,0.55,45,One year,54.15,2319.8
3452-SRFEG,0,0.18,49,Month-to-month,74.6,3720.35
4070-OKWVH,0,0.35,52,Month-to-month,94.6,5025.8
5297-MDOIR,0,0.12,63,One year,81.15,5224.5
6369-MCAKO,0,0.13,68,Two year,89.05,6185.8
4926-UMJZD,0,0.2,31,Month-to-month,49.2,1498.55
6848-HJTXY,0,0.09,64,Two year,19.45,1208.6
6341-AEVKX,0,0.44,62,One year,104.3,6613.65
4501-EQDRN,0,0.13,1,Month-to-month,69.7,69.7
2990-HWIML,1,0.88,6,Month-to-month,89.5,573.3
0682-USIXD,0,0.0,21,Month-to-month,86.05,1818.9
6976-BWGLQ,1,0.86,72,Two year,25.2,1787.35
7078-NVFAM,1,0.73,32,Month-to-month,35.15,1051.05
8065-QBYTO,0,0.09,71,One year,99.65,7181.25
2133-TSRRM,0,0.31,34,Month-to-month,105.35,3688.6
7384-GHBPI,0,0.04,3,Month-to-month,35.15,99.75
7603-USHJS,1,0.54,12,Month-to-month,73.75,871.4
7234-FECYN,0,0.01,8,Month-to-month,101.35,780.5
2511-ALLCS,0,0.0,35,Two year,24.3,821.6
3191-CSNMG,0,0.11,3,Month-to-month,80.7,239.45
7952-OBOYL,0,0.46,3,Month-to-month,89.85,244.45
7470-DYNOE,0,0.18,53,One year,61.1,3357.9
7853-OETYL,0,0.31,4,Month-to-month,29.05,129.6
1545-ACTAS,0,0.43,48,One year,99.7,4977.2
5876-HZVZM,0,0.0,6,Month-to-month,55.9,365.35
1400-MMYXY,1,0.79,3,Month-to-month,105.9,334.65
5126-RCXYW,0,0.04,54,Two year,46.0,2424.05
3085-QUOZK,0,0.02,1,Month-to-month,43.95,43.95
2363-BJLSL,0,0.0,62,Month-to-month,80.4,4981.15
1956-YIFGE,0,0.21,22,One year,100.05,2090.25
3926-CUQZX,0,0.35,1,Month-to-month,45.1,45.1
7921-LMDFQ,0,0.0,51,One year,94.0,4905.75
2925-MXLSX,0,0.27,30,One year,68.95,2038.7
5820-PTRYM,0,0.27,56,One year,68.45,4014
9609-BENEA,1,0.61,35,One year,69.0,2441.7
6211-WHMYA,1,0.62,64,Month-to-month,43.85,2751
4459-BBGHE,0,0.0,30,Month-to-month,44.5,1307.8
9945-PSVIP,0,0.33,25,Two year,18.7,383.65
1041-RXHRA,0,0.1,41,Month-to-month,70.25,2868.05
1750-CSKKM,0,0.03,9,Month-to-month,55.35,449.75
9108-EJFJP,0,0.23,1,Month-to-month,53.55,53.55
0530-IJVDB,0,0.19,70,Two year,114.6,7882.5
0508-SQWPL,1,0.82,57,Two year,20.1,1087.7
2215-ZAFGX,0,0.22,9,Month-to-month,85.5,791.7
8213-TAZPM,0,0.31,69,One year,108.75,7493.05
7142-HVGBG,0,0.0,43,Month-to-month,103.0,4414.3
1304-SEGFY,0,0.32,72,Two year,97.85,6841.3
7242-EDTYC,0,0.3,44,Two year,19.55,819.95
2904-GGUAZ,1,0.57,72,Two year,84.05,6052.25
8267-ZNYVZ,0,0.33,33,One year,103.75,3361.05
5136-GFPMB,0,0.1,54,Month-to-month,89.4,4869.5
2595-KIWPV,0,0.01,27,Two year,19.7,509.3
5243-SAOTC,0,0.09,54,Month-to-month,79.85,4308.25
9398-MMQTO,1,0.8,3,Month-to-month,74.45,221.1
7619-PLRLP,0,0.2,53,One year,74.1,3833.95
6457-GIRWB,0,0.3,1,Month-to-month,69.35,69.35
6508-NJYRO,0,0.37,15,One year,18.8,294.95
1450-SKCVI,0,0.36,56,Month-to-month,73.85,4092.85
4710-NKCAW,1,0.85,5,Month-to-month,64.4,316.9
5306-BVTKJ,1,0.6,48,One year,55.8,2651.2
0357-NVCRI,0,0.25,25,Month-to-month,20.05,471.7
5570-PTWEH,0,0.44,3,Month-to-month,75.15,216.75
2371-KFUOG,1,0.55,58,One year,99.15,5720.95
0463-ZSDNT,1,0.9,10,Month-to-month,56.75,503.25
6502-MJQAE,0,0.19,1,Month-to-month,69.6,69.6
6257-DTAYD,0,0.09,71,Two year,104.15,7365.3
4616-ULAOA,1,0.66,65,Two year,110.8,7245.9
7693-LCKZL,0,0.33,5,Month-to-month,80.15,385
7746-AWNQW,1,0.72,28,Month-to-month,35.75,961.4
5996-EBTKM,0,0.05,67,Two year,69.9,4615.9
2758-RNWXS,0,0.26,35,One year,89.2,3251.3
2314-TNDJQ,0,0.12,72,Two year,55.65,3880.05
2405-LBMUW,1,0.84,61,One year,50.7,3088.75
3454-JFUBC,0,0.05,68,Two year,20.0,1396
0032-PGELS,0,0.37,1,Month-to-month,30.5,30.5
9039-ZVJDC,0,0.02,3,Month-to-month,19.1,53.05
6797-LNAQX,0,0.03,70,Two year,98.3,6859.5
9013-AQORL,0,0.02,48,Month-to-month,45.55,2108.35
2898-MRKPI,0,0.07,68,One year,101.05,6770.5
2750-BJLSB,0,0.31,47,One year,103.7,4730.6
3648-GZPHF,1,0.95,32,One year,36.25,1151.05
2075-RMJIK,0,0.3,5,Month-to-month,49.4,232.55
9588-YRFHY,0,0.47,49,Two year,19.9,1022.6
6394-MFYNG,0,0.2,48,Month-to-month,107.4,5121.3
1564-NTYXF,0,0.08,13,Month-to-month,82.0,1127.2
9364-YKUVW,0,0.19,15,Month-to-month,19.8,309.4
5392-AKEMH,0,0.0,12,Month-to-month,45.05,523.1
2451-YMUXS,0,0.31,67,Two year,64.55,4250.1
3914-FDRHP,1,0.9825,9,Month-to-month,86.25,770.5
3078-ZKNTS,0,0.17,13,Two year,19.75,246.7
1024-KPRBB,0,0.48,38,One year,89.1,3342
4690-PKDQG,0,0.09,42,Month-to-month,95.55,3930.6
8155-IBNHG,0,0.03,24,Month-to-month,75.4,1747.85
0886-QGENL,0,0.35,27,Month-to-month,101.25,2754.45
9547-ITEFG,0,0.0,9,Month-to-month,102.6,897.75
1264-FUHCX,1,0.7133333333333333,49,One year,56.3,2780.6
7789-CRUVC,0,0.33,61,Month-to-month,94.2,5895.45
6598-KELSS,0,0.08,50,One year,43.05,2208.05
8739-WWKDU,0,0.14,25,Month-to-month,89.5,2196.15
8685-WHQPW,0,0.03,22,Month-to-month,74.4,1692.6
4745-LSPLO,0,0.06,1,Month-to-month,20.5,20.5
8083-YTZES,0,0.1,4,Month-to-month,74.35,265.35
7240-FQLHE,1,0.84,18,Month-to-month,99.75,1836.25
6664-FPDAC,0,0.0,56,One year,111.95,6418.9
9972-VAFJJ,0,0.02,53,One year,94.0,4871.45
0422-UXFAP,0,0.11,51,One year,98.85,4947.55
1904-WAJAA,0,0.38,24,Two year,64.35,1558.65
5130-YPIRV,0,0.41,62,Two year,72.0,4284.2
2843-CQMEG,1,0.51,24,Month-to-month,49.7,1218.25
6439-PKTRR,0,0.07,70,Two year,80.7,5617.95
5351-QESIO,1,0.6,1,Month-to-month,24.2,24.2
0786-VSSUD,0,0.18,16,Month-to-month,39.0,679.85
5568-DMXZS,1,0.71,8,Month-to-month,65.45,554.45
8468-FZTOE,0,0.5,72,Two year,74.35,5237.4
6633-SYEUS,0,0.24,23,Month-to-month,83.2,2032.3
6447-GORXK,0,0.28,31,Month-to-month,25.0,789.2
6967-PEJLL,1,0.78,37,One year,40.2,1525.35
3976-BWUCK,0,0.0,30,Month-to-month,94.1,2804.45
5981-ZVXOT,0,0.32,35,One year,108.35,3726.15
1684-FLBGS,0,0.04,23,Month-to-month,69.5,1652.1
1389-WNUIB,0,0.5,20,One year,76.0,1588.75
0376-OIWME,0,0.0,36,Month-to-month,93.6,3366.05
3585-ISXZP,0,0.28,8,Month-to-month,95.65,778.1
0218-QNVAS,1,0.71,71,One year,100.55,7113.75
6583-QGCSI,0,0.03,50,Month-to-month,88.05,4367.35
0804-YGEQV,0,0.0,43,One year,24.45,993.15
7164-BPTUT,0,0.38,57,Two year,89.55,5012.35
4174-LPGTI,0,0.4,41,One year,66.5,2728.6
2523-EWWZL,0,0.17,27,Month-to-month,76.1,2093.4
0928-XUTSN,0,0.09,13,Month-to-month,80.5,1011.8
2108-XWMPY,0,0.46,3,Month-to-month,35.45,106.85
0052-YNYOT,0,0.0,67,One year,20.55,1343.4
6304-IJFSQ,0,0.49,3,Month-to-month,49.9,130.1
9586-JGQKH,1,0.63,64,Two year,105.4,6794.75
4501-VCPFK,0,0.24,26,Month-to-month,35.75,1022.5
6075-SLNIL,0,0.14,38,Month-to-month,95.1,3691.2
9347-AERRL,0,0.08,23,One year,19.3,486.2
0093-XWZFY,1,0.71,40,Month-to-month,104.5,4036.85
2274-XUATA,0,0.48,72,Two year,63.1,4685.55
1980-KXVPM,0,0.23,3,Month-to-month,75.05,256.25
7703-ZEKEF,0,0.38,23,Month-to-month,81.0,1917.1
0723-DRCLG,0,0.05,1,Month-to-month,74.45,74.45
5482-NUPNA,1,0.97,4,Month-to-month,60.4,272.15
6691-CCIHA,0,0.0,62,Two year,84.95,5150.55
1685-BQULA,0,0.38,40,Month-to-month,93.4,3756.4
9053-EJUNL,0,0.21,41,Month-to-month,89.2,3645.75
0666-UXTJO,0,0.06,34,Month-to-month,85.2,2874.45
1471-GIQKQ,0,0.26,1,Month-to-month,49.95,49.95
4807-IZYOZ,0,0.28,51,Two year,20.65,1020.75
1122-JWTJW,0,0.02,1,Month-to-month,70.65,70.65
9710-NJERN,0,0.49,39,Two year,20.15,826
9837-FWLCH,1,0.93,12,Month-to-month,19.2,239
1699-HPSBG,1,0.93,12,One year,59.8,727.8
7203-OYKCT,0,0.01,72,One year,104.95,7544.3
1035-IPQPU,0,0.24,63,Month-to-month,103.5,6479.4
7398-LXGYX,0,0.0,44,Month-to-month,84.8,3626.35
2823-LKABH,0,0.19,18,Month-to-month,95.05,1679.4
8775-CEBBJ,0,0.43,9,Month-to-month,44.2,403.35
0550-DCXLH,0,0.48,13,Month-to-month,73.35,931.55
9281-CEDRU,1,0.88,68,Two year,64.1,4326.25
2235-DWLJU,0,0.0,6,Month-to-month,44.4,263.05
0871-OPBXW,0,0.0,2,Month-to-month,20.05,39.25
3605-JISKB,0,0.2,55,One year,60.0,3316.1
6894-LFHLY,0,0.33,1,Month-to-month,75.75,75.75
9767-FFLEM,1,0.86,38,Month-to-month,69.5,2625.25
0639-TSIQW,0,0.0,67,Month-to-month,102.95,6886.25
8456-QDAVC,1,0.92,19,Month-to-month,78.7,1495.1
7750-EYXWZ,0,0.03,12,One year,60.65,743.3
2569-WGERO,0,0.02,72,Two year,21.15,1419.4
6840-RESVB,0,0.07,24,One year,84.8,1990.5
2234-XADUH,0,0.39,72,One year,103.2,7362.9
4801-JZAZL,0,0.05,11,Month-to-month,29.6,346.45
8361-LTMKD,0,0.0,4,Month-to-month,74.4,306.6
3186-AJIEK,1,0.56,66,Two year,105.65,6844.5
